"STATION","NAME","LATITUDE","LONGITUDE","ELEVATION","DATE","PRCP","PRCP_ATTRIBUTES","TMAX","TMAX_ATTRIBUTES","TMIN","TMIN_ATTRIBUTES"
"USW00004236","CORVALLIS 10 SSW, OR US","44.4185","-123.3257","95.1","2018-06-01","0.00",",,R","72",",,R","37",",,R"
"USW00004236","CORVALLIS 10 SSW, OR US","44.4185","-123.3257","95.1","2018-06-02","0.00",",,R","80",",,R","42",",,R"
"USW00004236","CORVALLIS 10 SSW, OR US","44.4185","-123.3257","95.1","2018-06-03","0.00",",,R","72",",,R","46",",,R"
"USW00004236","CORVALLIS 10 SSW, OR US","44.4185","-123.3257","95.1","2018-06-04","0.00",",,R","68",",,R","44",",,R"
"USW00004236","CORVALLIS 10 SSW, OR US","44.4185","-123.3257","95.1","2018-06-05","0.00",",,R","73",",,R","39",",,R"
"USW00004236","CORVALLIS 10 SSW, OR US","44.4185","-123.3257","95.1","2018-06-06","0.00",",,R","75",",,R","41",",,R"
"USW00004236","CORVALLIS 10 SSW, OR US","44.4185","-123.3257","95.1","2018-06-07","0.00",",,R","71",",,R","47",",,R"
"USW00004236","CORVALLIS 10 SSW, OR US","44.4185","-123.3257","95.1","2018-06-08","0.11",",,R","67",",,R","46",",,R"
"USW00004236","CORVALLIS 10 SSW, OR US","44.4185","-123.3257","95.1","2018-06-09","0.28",",,R","61",",,R","45",",,R"
"USW00004236","CORVALLIS 10 SSW, OR US","44.4185","-123.3257","95.1","2018-06-10","0.23",",,R","58",",,R","45",",,R"
"USW00004236","CORVALLIS 10 SSW, OR US","44.4185","-123.3257","95.1","2018-06-11","0.12",",,R","71",",,R","50",",,R"
"USW00004236","CORVALLIS 10 SSW, OR US","44.4185","-123.3257","95.1","2018-06-12","0.00",",,R","81",",,R","42",",,R"
"USW00004236","CORVALLIS 10 SSW, OR US","44.4185","-123.3257","95.1","2018-06-13","0.00",",,R","64",",,R","48",",,R"
"USW00004236","CORVALLIS 10 SSW, OR US","44.4185","-123.3257","95.1","2018-06-14","0.00",",,R","69",",,R","49",",,R"
"USW00004236","CORVALLIS 10 SSW, OR US","44.4185","-123.3257","95.1","2018-06-15","0.00",",,R","70",",,R","46",",,R"
"USW00004236","CORVALLIS 10 SSW, OR US","44.4185","-123.3257","95.1","2018-06-16","0.00",",,R","75",",,R","51",",,R"
"USW00004236","CORVALLIS 10 SSW, OR US","44.4185","-123.3257","95.1","2018-06-17","0.00",",,R","87",",,R","52",",,R"
"USW00004236","CORVALLIS 10 SSW, OR US","44.4185","-123.3257","95.1","2018-06-18","0.00",",,R","84",",,R","51",",,R"
"USW00004236","CORVALLIS 10 SSW, OR US","44.4185","-123.3257","95.1","2018-06-19","0.00",",,R","89",",,R","49",",,R"
"USW00004236","CORVALLIS 10 SSW, OR US","44.4185","-123.3257","95.1","2018-06-20","0.00",",,R","83",",,R","53",",,R"
"USW00004236","CORVALLIS 10 SSW, OR US","44.4185","-123.3257","95.1","2018-06-21","0.00",",,R","74",",,R","53",",,R"
"USW00004236","CORVALLIS 10 SSW, OR US","44.4185","-123.3257","95.1","2018-06-22","0.00",",,R","76",",,R","50",",,R"
"USW00004236","CORVALLIS 10 SSW, OR US","44.4185","-123.3257","95.1","2018-06-23","0.00",",,R","77",",,R","54",",,R"
"USW00004236","CORVALLIS 10 SSW, OR US","44.4185","-123.3257","95.1","2018-06-24","0.00",",,R","89",",,R","54",",,R"
"USW00004236","CORVALLIS 10 SSW, OR US","44.4185","-123.3257","95.1","2018-06-25","0.00",",,R","71",",,R","48",",,R"
"USW00004236","CORVALLIS 10 SSW, OR US","44.4185","-123.3257","95.1","2018-06-26","0.00",",,R","75",",,R","42",",,R"
"USW00004236","CORVALLIS 10 SSW, OR US","44.4185","-123.3257","95.1","2018-06-27","0.01",",,R","77",",,R","46",",,R"
"USW00004236","CORVALLIS 10 SSW, OR US","44.4185","-123.3257","95.1","2018-06-28","0.00",",,R","75",",,R","43",",,R"
"USW00004236","CORVALLIS 10 SSW, OR US","44.4185","-123.3257","95.1","2018-06-29","0.00",",,R","81",",,R","44",",,R"
"USW00004236","CORVALLIS 10 SSW, OR US","44.4185","-123.3257","95.1","2018-06-30","0.00",",,R","83",",,R","48",",,R"
"USW00004236","CORVALLIS 10 SSW, OR US","44.4185","-123.3257","95.1","2018-07-01","0.00",",,R","80",",,R","53",",,R"
"USW00004236","CORVALLIS 10 SSW, OR US","44.4185","-123.3257","95.1","2018-07-02","0.00",",,R","72",",,R","47",",,R"
"USW00004236","CORVALLIS 10 SSW, OR US","44.4185","-123.3257","95.1","2018-07-03","0.00",",,R","76",",,R","41",",,R"
"USW00004236","CORVALLIS 10 SSW, OR US","44.4185","-123.3257","95.1","2018-07-04","0.00",",,R","75",",,R","55",",,R"
"USW00004236","CORVALLIS 10 SSW, OR US","44.4185","-123.3257","95.1","2018-07-05","0.00",",,R","86",",,R","50",",,R"
"USW00004236","CORVALLIS 10 SSW, OR US","44.4185","-123.3257","95.1","2018-07-06","0.00",",,R","77",",,R","52",",,R"
"USW00004236","CORVALLIS 10 SSW, OR US","44.4185","-123.3257","95.1","2018-07-07","0.00",",,R","80",",,R","47",",,R"
"USW00004236","CORVALLIS 10 SSW, OR US","44.4185","-123.3257","95.1","2018-07-08","0.00",",,R","81",",,R","48",",,R"
"USW00004236","CORVALLIS 10 SSW, OR US","44.4185","-123.3257","95.1","2018-07-09","0.00",",,R","71",",,R","49",",,R"
"USW00004236","CORVALLIS 10 SSW, OR US","44.4185","-123.3257","95.1","2018-07-10","0.00",",,R","79",",,R","50",",,R"
"USW00004236","CORVALLIS 10 SSW, OR US","44.4185","-123.3257","95.1","2018-07-11","0.00",",,R","87",",,R","56",",,R"
"USW00004236","CORVALLIS 10 SSW, OR US","44.4185","-123.3257","95.1","2018-07-12","0.00",",,R","97",",,R","58",",,R"
"USW00004236","CORVALLIS 10 SSW, OR US","44.4185","-123.3257","95.1","2018-07-13","0.00",",,R","93",",,R","56",",,R"
"USW00004236","CORVALLIS 10 SSW, OR US","44.4185","-123.3257","95.1","2018-07-14","0.00",",,R","92",",,R","50",",,R"
"USW00004236","CORVALLIS 10 SSW, OR US","44.4185","-123.3257","95.1","2018-07-15","0.00",",,R","97",",,R","55",",,R"
"USW00004236","CORVALLIS 10 SSW, OR US","44.4185","-123.3257","95.1","2018-07-16","0.00",",,R","95",",,R","54",",,R"
"USW00004236","CORVALLIS 10 SSW, OR US","44.4185","-123.3257","95.1","2018-07-17","0.00",",,R","88",",,R","51",",,R"
"USW00004236","CORVALLIS 10 SSW, OR US","44.4185","-123.3257","95.1","2018-07-18","0.00",",,R","87",",,R","50",",,R"
"USW00004236","CORVALLIS 10 SSW, OR US","44.4185","-123.3257","95.1","2018-07-19","0.00",",,R","75",",,R","53",",,R"
"USW00004236","CORVALLIS 10 SSW, OR US","44.4185","-123.3257","95.1","2018-07-20","0.00",",,R","79",",,R","51",",,R"
"USW00004236","CORVALLIS 10 SSW, OR US","44.4185","-123.3257","95.1","2018-07-21","0.00",",,R","82",",,R","45",",,R"
"USW00004236","CORVALLIS 10 SSW, OR US","44.4185","-123.3257","95.1","2018-07-22","0.00",",,R","90",",,R","50",",,R"
"USW00004236","CORVALLIS 10 SSW, OR US","44.4185","-123.3257","95.1","2018-07-23","0.00",",,R","94",",,R","51",",,R"
"USW00004236","CORVALLIS 10 SSW, OR US","44.4185","-123.3257","95.1","2018-07-24","0.00",",,R","95",",,R","52",",,R"
"USW00004236","CORVALLIS 10 SSW, OR US","44.4185","-123.3257","95.1","2018-07-25","0.00",",,R","96",",,R","53",",,R"
"USW00004236","CORVALLIS 10 SSW, OR US","44.4185","-123.3257","95.1","2018-07-26","0.00",",,R","96",",,R","54",",,R"
"USW00004236","CORVALLIS 10 SSW, OR US","44.4185","-123.3257","95.1","2018-07-27","0.00",",,R","89",",,R","48",",,R"
"USW00004236","CORVALLIS 10 SSW, OR US","44.4185","-123.3257","95.1","2018-07-28","0.00",",,R","90",",,R","48",",,R"
"USW00004236","CORVALLIS 10 SSW, OR US","44.4185","-123.3257","95.1","2018-07-29","0.00",",,R","96",",,R","54",",,R"
"USW00004236","CORVALLIS 10 SSW, OR US","44.4185","-123.3257","95.1","2018-07-30","0.00",",,R","87",",,R","53",",,R"
"USW00004236","CORVALLIS 10 SSW, OR US","44.4185","-123.3257","95.1","2018-07-31","0.00",",,R","87",",,R","50",",,R"
"USW00004236","CORVALLIS 10 SSW, OR US","44.4185","-123.3257","95.1","2018-08-01","0.00",",,R","85",",,R","49",",,R"
"USW00004236","CORVALLIS 10 SSW, OR US","44.4185","-123.3257","95.1","2018-08-02","0.00",",,R","74",",,R","50",",,R"
"USW00004236","CORVALLIS 10 SSW, OR US","44.4185","-123.3257","95.1","2018-08-03","0.00",",,R","77",",,R","49",",,R"
"USW00004236","CORVALLIS 10 SSW, OR US","44.4185","-123.3257","95.1","2018-08-04","0.00",",,R","85",",,R","50",",,R"
"USW00004236","CORVALLIS 10 SSW, OR US","44.4185","-123.3257","95.1","2018-08-05","0.00",",,R","87",",,R","49",",,R"
"USW00004236","CORVALLIS 10 SSW, OR US","44.4185","-123.3257","95.1","2018-08-06","0.00",",,R","88",",,R","53",",,R"
"USW00004236","CORVALLIS 10 SSW, OR US","44.4185","-123.3257","95.1","2018-08-07","0.00",",,R","94",",,R","53",",,R"
"USW00004236","CORVALLIS 10 SSW, OR US","44.4185","-123.3257","95.1","2018-08-08","0.00",",,R","92",",,R","54",",,R"
"USW00004236","CORVALLIS 10 SSW, OR US","44.4185","-123.3257","95.1","2018-08-09","0.00",",,R","95",",,R","52",",,R"
"USW00004236","CORVALLIS 10 SSW, OR US","44.4185","-123.3257","95.1","2018-08-10","0.00",",,R","89",",,R","54",",,R"
"USW00004236","CORVALLIS 10 SSW, OR US","44.4185","-123.3257","95.1","2018-08-11","0.00",",,R","79",",,R","54",",,R"
"USW00004236","CORVALLIS 10 SSW, OR US","44.4185","-123.3257","95.1","2018-08-12","0.00",",,R","82",",,R","49",",,R"
"USW00004236","CORVALLIS 10 SSW, OR US","44.4185","-123.3257","95.1","2018-08-13","0.00",",,R","85",",,R","53",",,R"
"USW00004236","CORVALLIS 10 SSW, OR US","44.4185","-123.3257","95.1","2018-08-14","0.00",",,R","91",",,R","54",",,R"
"USW00004236","CORVALLIS 10 SSW, OR US","44.4185","-123.3257","95.1","2018-08-15","0.00",",,R","85",",,R","52",",,R"
"USW00004236","CORVALLIS 10 SSW, OR US","44.4185","-123.3257","95.1","2018-08-16","0.00",",,R","82",",,R","53",",,R"
"USW00004236","CORVALLIS 10 SSW, OR US","44.4185","-123.3257","95.1","2018-08-17","0.00",",,R","82",",,R","45",",,R"
"USW00004236","CORVALLIS 10 SSW, OR US","44.4185","-123.3257","95.1","2018-08-18","0.00",",,R","87",",,R","45",",,R"
"USW00004236","CORVALLIS 10 SSW, OR US","44.4185","-123.3257","95.1","2018-08-19","0.00",",,R","86",",,R","49",",,R"
"USW00004236","CORVALLIS 10 SSW, OR US","44.4185","-123.3257","95.1","2018-08-20","0.00",",,R","80",",,R","50",",,R"
"USW00004236","CORVALLIS 10 SSW, OR US","44.4185","-123.3257","95.1","2018-08-21","0.00",",,R","92",",,R","53",",,R"
"USW00004236","CORVALLIS 10 SSW, OR US","44.4185","-123.3257","95.1","2018-08-22","0.00",",,R","91",",,R","51",",,R"
"USW00004236","CORVALLIS 10 SSW, OR US","44.4185","-123.3257","95.1","2018-08-23","0.00",",,R","67",",,R","49",",,R"
"USW00004236","CORVALLIS 10 SSW, OR US","44.4185","-123.3257","95.1","2018-08-24","0.00",",,R","73",",,R","50",",,R"
"USW00004236","CORVALLIS 10 SSW, OR US","44.4185","-123.3257","95.1","2018-08-25","0.00",",,R","77",",,R","42",",,R"
"USW00004236","CORVALLIS 10 SSW, OR US","44.4185","-123.3257","95.1","2018-08-26","0.00",",,R","72",",,R","51",",,R"
"USW00004236","CORVALLIS 10 SSW, OR US","44.4185","-123.3257","95.1","2018-08-27","0.00",",,R","78",",,R","58",",,R"
"USW00004236","CORVALLIS 10 SSW, OR US","44.4185","-123.3257","95.1","2018-08-28","0.00",",,R","87",",,R","47",",,R"
"USW00004236","CORVALLIS 10 SSW, OR US","44.4185","-123.3257","95.1","2018-08-29","0.00",",,R","86",",,R","47",",,R"
"USW00004236","CORVALLIS 10 SSW, OR US","44.4185","-123.3257","95.1","2018-08-30","0.00",",,R","71",",,R","50",",,R"
"USW00004236","CORVALLIS 10 SSW, OR US","44.4185","-123.3257","95.1","2018-08-31","0.00",",,R","78",",,R","47",",,R"
"USW00004236","CORVALLIS 10 SSW, OR US","44.4185","-123.3257","95.1","2018-09-01","0.00",",,R","76",",,R","51",",,R"
"USW00004236","CORVALLIS 10 SSW, OR US","44.4185","-123.3257","95.1","2018-09-02","0.00",",,R","83",",,R","49",",,R"
"USW00004236","CORVALLIS 10 SSW, OR US","44.4185","-123.3257","95.1","2018-09-03","0.00",",,R","80",",,R","47",",,R"
"USW00004236","CORVALLIS 10 SSW, OR US","44.4185","-123.3257","95.1","2018-09-04","0.00",",,R","82",",,R","43",",,R"
"USW00004236","CORVALLIS 10 SSW, OR US","44.4185","-123.3257","95.1","2018-09-05","0.00",",,R","88",",,R","47",",,R"
"USW00004236","CORVALLIS 10 SSW, OR US","44.4185","-123.3257","95.1","2018-09-06","0.00",",,R","86",",,R","47",",,R"
"USW00004236","CORVALLIS 10 SSW, OR US","44.4185","-123.3257","95.1","2018-09-07","0.00",",,R","84",",,R","42",",,R"
"USW00004236","CORVALLIS 10 SSW, OR US","44.4185","-123.3257","95.1","2018-09-08","0.00",",,R","76",",,R","49",",,R"
"USW00004236","CORVALLIS 10 SSW, OR US","44.4185","-123.3257","95.1","2018-09-09","0.00",",,R","81",",,R","43",",,R"
"USW00004236","CORVALLIS 10 SSW, OR US","44.4185","-123.3257","95.1","2018-09-10","0.00",",,R","75",",,R","48",",,R"
"USW00004236","CORVALLIS 10 SSW, OR US","44.4185","-123.3257","95.1","2018-09-11","0.00",",,R","71",",,R","45",",,R"
"USW00004236","CORVALLIS 10 SSW, OR US","44.4185","-123.3257","95.1","2018-09-12","0.10",",,R","67",",,R","46",",,R"
"USW00004236","CORVALLIS 10 SSW, OR US","44.4185","-123.3257","95.1","2018-09-13","0.01",",,R","68",",,R","43",",,R"
"USW00004236","CORVALLIS 10 SSW, OR US","44.4185","-123.3257","95.1","2018-09-14","0.00",",,R","71",",,R","41",",,R"
"USW00004236","CORVALLIS 10 SSW, OR US","44.4185","-123.3257","95.1","2018-09-15","0.02",",,R","70",",,R","40",",,R"
"USW00004236","CORVALLIS 10 SSW, OR US","44.4185","-123.3257","95.1","2018-09-16","0.12",",,R","67",",,R","46",",,R"
"USW00004236","CORVALLIS 10 SSW, OR US","44.4185","-123.3257","95.1","2018-09-17","0.00",",,R","68",",,R","42",",,R"
"USW00004236","CORVALLIS 10 SSW, OR US","44.4185","-123.3257","95.1","2018-09-18","0.00",",,R","72",",,R","40",",,R"
"USW00004236","CORVALLIS 10 SSW, OR US","44.4185","-123.3257","95.1","2018-09-19","0.00",",,R","72",",,R","38",",,R"
"USW00004236","CORVALLIS 10 SSW, OR US","44.4185","-123.3257","95.1","2018-09-20","0.00",",,R","73",",,R","42",",,R"
"USW00004236","CORVALLIS 10 SSW, OR US","44.4185","-123.3257","95.1","2018-09-21","0.00",",,R","78",",,R","42",",,R"
"USW00004236","CORVALLIS 10 SSW, OR US","44.4185","-123.3257","95.1","2018-09-22","0.00",",,R","72",",,R","44",",,R"
"USW00004236","CORVALLIS 10 SSW, OR US","44.4185","-123.3257","95.1","2018-09-23","0.00",",,R","70",",,R","39",",,R"
"USW00004236","CORVALLIS 10 SSW, OR US","44.4185","-123.3257","95.1","2018-09-24","0.00",",,R","72",",,R","37",",,R"
"USW00004236","CORVALLIS 10 SSW, OR US","44.4185","-123.3257","95.1","2018-09-25","0.00",",,R","80",",,R","41",",,R"
"USW00004236","CORVALLIS 10 SSW, OR US","44.4185","-123.3257","95.1","2018-09-26","0.00",",,R","84",",,R","43",",,R"
"USW00004236","CORVALLIS 10 SSW, OR US","44.4185","-123.3257","95.1","2018-09-27","0.00",",,R","85",",,R","44",",,R"
"USW00004236","CORVALLIS 10 SSW, OR US","44.4185","-123.3257","95.1","2018-09-28","0.00",",,R","85",",,R","44",",,R"
"USW00004236","CORVALLIS 10 SSW, OR US","44.4185","-123.3257","95.1","2018-09-29","0.00",",,R","65",",,R","49",",,R"
"USW00004236","CORVALLIS 10 SSW, OR US","44.4185","-123.3257","95.1","2018-09-30","0.00",",,R","73",",,R","51",",,R"
"USW00004236","CORVALLIS 10 SSW, OR US","44.4185","-123.3257","95.1","2018-10-01","0.00",",,R","74",",,R","55",",,R"
"USW00004236","CORVALLIS 10 SSW, OR US","44.4185","-123.3257","95.1","2018-10-02","0.00",",,R","73",",,R","42",",,R"
"USW00004236","CORVALLIS 10 SSW, OR US","44.4185","-123.3257","95.1","2018-10-03","0.00",",,R","68",",,R","36",",,R"
"USW00004236","CORVALLIS 10 SSW, OR US","44.4185","-123.3257","95.1","2018-10-04","0.00",",,R","67",",,R","39",",,R"
"USW00004236","CORVALLIS 10 SSW, OR US","44.4185","-123.3257","95.1","2018-10-05","0.20",",,R","55",",,R","39",",,R"
"USW00004236","CORVALLIS 10 SSW, OR US","44.4185","-123.3257","95.1","2018-10-06","0.03",",,R","63",",,R","44",",,R"
"USW00004236","CORVALLIS 10 SSW, OR US","44.4185","-123.3257","95.1","2018-10-07","0.06",",,R","58",",,R","42",",,R"
"USW00004236","CORVALLIS 10 SSW, OR US","44.4185","-123.3257","95.1","2018-10-08","0.02",",,R","65",",,R","53",",,R"
"USW00004236","CORVALLIS 10 SSW, OR US","44.4185","-123.3257","95.1","2018-10-09","0.00",",,R","65",",,R","44",",,R"
"USW00004236","CORVALLIS 10 SSW, OR US","44.4185","-123.3257","95.1","2018-10-10","0.00",",,R","65",",,R","39",",,R"
"USW00004236","CORVALLIS 10 SSW, OR US","44.4185","-123.3257","95.1","2018-10-11","0.00",",,R","69",",,R","35",",,R"
"USW00004236","CORVALLIS 10 SSW, OR US","44.4185","-123.3257","95.1","2018-10-12","0.00",",,R","72",",,R","36",",,R"
"USW00004236","CORVALLIS 10 SSW, OR US","44.4185","-123.3257","95.1","2018-10-13","0.00",",,R","71",",,R","43",",,R"
"USW00004236","CORVALLIS 10 SSW, OR US","44.4185","-123.3257","95.1","2018-10-14","0.00",",,R","74",",,R","41",",,R"
"USW00004236","CORVALLIS 10 SSW, OR US","44.4185","-123.3257","95.1","2018-10-15","0.00",",,R","73",",,R","32",",,R"
"USW00004236","CORVALLIS 10 SSW, OR US","44.4185","-123.3257","95.1","2018-10-16","0.00",",,R","78",",,R","34",",,R"
"USW00004236","CORVALLIS 10 SSW, OR US","44.4185","-123.3257","95.1","2018-10-17","0.00",",,R","77",",,R","37",",,R"
"USW00004236","CORVALLIS 10 SSW, OR US","44.4185","-123.3257","95.1","2018-10-18","0.00",",,R","75",",,R","34",",,R"
"USW00004236","CORVALLIS 10 SSW, OR US","44.4185","-123.3257","95.1","2018-10-19","0.00",",,R","72",",,R","36",",,R"
"USW00004236","CORVALLIS 10 SSW, OR US","44.4185","-123.3257","95.1","2018-10-20","0.00",",,R","71",",,R","38",",,R"
"USW00004236","CORVALLIS 10 SSW, OR US","44.4185","-123.3257","95.1","2018-10-21","0.00",",,R","70",",,R","36",",,R"
"USW00004236","CORVALLIS 10 SSW, OR US","44.4185","-123.3257","95.1","2018-10-22","0.00",",,R","68",",,R","36",",,R"
"USW00004236","CORVALLIS 10 SSW, OR US","44.4185","-123.3257","95.1","2018-10-23","0.00",",,R","58",",,R","35",",,R"
"USW00004236","CORVALLIS 10 SSW, OR US","44.4185","-123.3257","95.1","2018-10-24","0.00",",,R","63",",,R","43",",,R"
"USW00004236","CORVALLIS 10 SSW, OR US","44.4185","-123.3257","95.1","2018-10-25","0.01",",,R","60",",,R","43",",,R"
"USW00004236","CORVALLIS 10 SSW, OR US","44.4185","-123.3257","95.1","2018-10-27","0.38",",,R","66",",,R","49",",,R"
"USW00004236","CORVALLIS 10 SSW, OR US","44.4185","-123.3257","95.1","2018-10-28","0.41",",,R","64",",,R","47",",,R"
"USW00004236","CORVALLIS 10 SSW, OR US","44.4185","-123.3257","95.1","2018-10-29","0.19",",,R","60",",,R","39",",,R"
"USW00004236","CORVALLIS 10 SSW, OR US","44.4185","-123.3257","95.1","2018-10-30","0.01",",,R","55",",,R","37",",,R"
"USW00004236","CORVALLIS 10 SSW, OR US","44.4185","-123.3257","95.1","2018-10-31","0.09",",,R","58",",,R","49",",,R"
"USW00004236","CORVALLIS 10 SSW, OR US","44.4185","-123.3257","95.1","2018-11-01","0.00",",,R","67",",,R","53",",,R"
"USW00004236","CORVALLIS 10 SSW, OR US","44.4185","-123.3257","95.1","2018-11-02","0.04",",,R","65",",,R","47",",,R"
"USW00004236","CORVALLIS 10 SSW, OR US","44.4185","-123.3257","95.1","2018-11-03","0.00",",,R","59",",,R","41",",,R"
"USW00004236","CORVALLIS 10 SSW, OR US","44.4185","-123.3257","95.1","2018-11-04","0.16",",,R","65",",,R","43",",,R"
"USW00004236","CORVALLIS 10 SSW, OR US","44.4185","-123.3257","95.1","2018-11-05","0.01",",,R","61",",,R","41",",,R"
"USW00004236","CORVALLIS 10 SSW, OR US","44.4185","-123.3257","95.1","2018-11-06","0.09",",,R","58",",,R","38",",,R"
"USW00004236","CORVALLIS 10 SSW, OR US","44.4185","-123.3257","95.1","2018-11-07","0.00",",,R","52",",,R","33",",,R"
"USW00004236","CORVALLIS 10 SSW, OR US","44.4185","-123.3257","95.1","2018-11-08","0.00",",,R","51",",,R","31",",,R"
"USW00004236","CORVALLIS 10 SSW, OR US","44.4185","-123.3257","95.1","2018-11-09","0.00",",,R","50",",,R","26",",,R"
"USW00004236","CORVALLIS 10 SSW, OR US","44.4185","-123.3257","95.1","2018-11-10","0.00",",,R","53",",,R","29",",,R"
"USW00004236","CORVALLIS 10 SSW, OR US","44.4185","-123.3257","95.1","2018-11-11","0.00",",,R","56",",,R","27",",,R"
"USW00004236","CORVALLIS 10 SSW, OR US","44.4185","-123.3257","95.1","2018-11-12","0.00",",,R","57",",,R","27",",,R"
"USW00004236","CORVALLIS 10 SSW, OR US","44.4185","-123.3257","95.1","2018-11-13","0.00",",,R","50",",,R","29",",,R"
"USW00004236","CORVALLIS 10 SSW, OR US","44.4185","-123.3257","95.1","2018-11-14","0.01",",,R","55",",,R","30",",,R"
"USW00004236","CORVALLIS 10 SSW, OR US","44.4185","-123.3257","95.1","2018-11-15","0.00",",,R","55",",,R","36",",,R"
"USW00004236","CORVALLIS 10 SSW, OR US","44.4185","-123.3257","95.1","2018-11-16","0.00",",,R","55",",,R","34",",,R"
"USW00004236","CORVALLIS 10 SSW, OR US","44.4185","-123.3257","95.1","2018-11-17","0.00",",,R","61",",,R","32",",,R"
"USW00004236","CORVALLIS 10 SSW, OR US","44.4185","-123.3257","95.1","2018-11-18","0.00",",,R","54",",,R","29",",,R"
"USW00004236","CORVALLIS 10 SSW, OR US","44.4185","-123.3257","95.1","2018-11-19","0.00",",,R","53",",,R","26",",,R"
"USW00004236","CORVALLIS 10 SSW, OR US","44.4185","-123.3257","95.1","2018-11-20","0.00",",,R","48",",,R","24",",,R"
"USW00004236","CORVALLIS 10 SSW, OR US","44.4185","-123.3257","95.1","2018-11-21","0.30",",,R","50",",,R","36",",,R"
"USW00004236","CORVALLIS 10 SSW, OR US","44.4185","-123.3257","95.1","2018-11-22","0.51",",,R","50",",,R","44",",,R"
"USW00004236","CORVALLIS 10 SSW, OR US","44.4185","-123.3257","95.1","2018-11-23","0.67",",,R","51",",,R","41",",,R"
"USW00004236","CORVALLIS 10 SSW, OR US","44.4185","-123.3257","95.1","2018-11-24","0.00",",,R","47",",,R","34",",,R"
"USW00004236","CORVALLIS 10 SSW, OR US","44.4185","-123.3257","95.1","2018-11-25","0.02",",,R","46",",,R","39",",,R"
"USW00004236","CORVALLIS 10 SSW, OR US","44.4185","-123.3257","95.1","2018-11-26","0.00",",,R","59",",,R","39",",,R"
"USW00004236","CORVALLIS 10 SSW, OR US","44.4185","-123.3257","95.1","2018-11-27","1.11",",,R","61",",,R","44",",,R"
"USW00004236","CORVALLIS 10 SSW, OR US","44.4185","-123.3257","95.1","2018-11-28","0.97",",,R","53",",,R","44",",,R"
"USW00004236","CORVALLIS 10 SSW, OR US","44.4185","-123.3257","95.1","2018-11-29","0.00",",,R","48",",,R","42",",,R"
"USW00004236","CORVALLIS 10 SSW, OR US","44.4185","-123.3257","95.1","2018-11-30","0.59",",,R","49",",,R","38",",,R"
"USW00004236","CORVALLIS 10 SSW, OR US","44.4185","-123.3257","95.1","2018-12-01","0.17",",,R","44",",,R","33",",,R"
"USW00004236","CORVALLIS 10 SSW, OR US","44.4185","-123.3257","95.1","2018-12-02","0.04",",,R","49",",,R","31",",,R"
"USW00004236","CORVALLIS 10 SSW, OR US","44.4185","-123.3257","95.1","2018-12-03","0.00",",,R","40",",,R","27",",,R"
"USW00004236","CORVALLIS 10 SSW, OR US","44.4185","-123.3257","95.1","2018-12-04","0.00",",,R","49",",,R","27",",,R"
"USW00004236","CORVALLIS 10 SSW, OR US","44.4185","-123.3257","95.1","2018-12-05","0.00",",,R","45",",,R","24",",,R"
"USW00004236","CORVALLIS 10 SSW, OR US","44.4185","-123.3257","95.1","2018-12-06","0.00",",,R","43",",,R","22",",,R"
"USW00004236","CORVALLIS 10 SSW, OR US","44.4185","-123.3257","95.1","2018-12-07","0.15",",,R","36",",,R","23",",,R"
"USW00004236","CORVALLIS 10 SSW, OR US","44.4185","-123.3257","95.1","2018-12-08","0.09",",,R","40",",,R","34",",,R"
"USW00004236","CORVALLIS 10 SSW, OR US","44.4185","-123.3257","95.1","2018-12-09","0.46",",,R","39",",,R","35",",,R"
"USW00004236","CORVALLIS 10 SSW, OR US","44.4185","-123.3257","95.1","2018-12-10","0.01",",,R","53",",,R","33",",,R"
"USW00004236","CORVALLIS 10 SSW, OR US","44.4185","-123.3257","95.1","2018-12-11","0.61",",,R","53",",,R","41",",,R"
"USW00004236","CORVALLIS 10 SSW, OR US","44.4185","-123.3257","95.1","2018-12-12","0.04",",,R","51",",,R","34",",,R"
"USW00004236","CORVALLIS 10 SSW, OR US","44.4185","-123.3257","95.1","2018-12-13","0.00",",,R","53",",,R","33",",,R"
"USW00004236","CORVALLIS 10 SSW, OR US","44.4185","-123.3257","95.1","2018-12-14","0.11",",,R","59",",,R","30",",,R"
"USW00004236","CORVALLIS 10 SSW, OR US","44.4185","-123.3257","95.1","2018-12-15","0.01",",,R","46",",,R","35",",,R"
"USW00004236","CORVALLIS 10 SSW, OR US","44.4185","-123.3257","95.1","2018-12-16","0.24",",,R","53",",,R","41",",,R"
"USW00004236","CORVALLIS 10 SSW, OR US","44.4185","-123.3257","95.1","2018-12-17","0.48",",,R","50",",,R","39",",,R"
"USW00004236","CORVALLIS 10 SSW, OR US","44.4185","-123.3257","95.1","2018-12-18","1.93",",,R","57",",,R","44",",,R"
"USW00004236","CORVALLIS 10 SSW, OR US","44.4185","-123.3257","95.1","2018-12-19","0.00",",,R","53",",,R","44",",,R"
"USW00004236","CORVALLIS 10 SSW, OR US","44.4185","-123.3257","95.1","2018-12-20","0.29",",,R","54",",,R","35",",,R"
"USW00004236","CORVALLIS 10 SSW, OR US","44.4185","-123.3257","95.1","2018-12-21","0.00",",,R","49",",,R","31",",,R"
"USW00004236","CORVALLIS 10 SSW, OR US","44.4185","-123.3257","95.1","2018-12-22","0.14",",,R","44",",,R","29",",,R"
"USW00004236","CORVALLIS 10 SSW, OR US","44.4185","-123.3257","95.1","2018-12-23","1.00",",,R","51",",,R","44",",,R"
"USW00004236","CORVALLIS 10 SSW, OR US","44.4185","-123.3257","95.1","2018-12-24","0.22",",,R","49",",,R","40",",,R"
"USW00004236","CORVALLIS 10 SSW, OR US","44.4185","-123.3257","95.1","2018-12-25","0.00",",,R","47",",,R","35",",,R"
"USW00004236","CORVALLIS 10 SSW, OR US","44.4185","-123.3257","95.1","2018-12-26","0.13",",,R","45",",,R","35",",,R"
"USW00004236","CORVALLIS 10 SSW, OR US","44.4185","-123.3257","95.1","2018-12-27","0.01",",,R","50",",,R","34",",,R"
"USW00004236","CORVALLIS 10 SSW, OR US","44.4185","-123.3257","95.1","2018-12-28","0.00",",,R","46",",,R","38",",,R"
"USW00004236","CORVALLIS 10 SSW, OR US","44.4185","-123.3257","95.1","2018-12-29","0.40",",,R","53",",,R","44",",,R"
"USW00004236","CORVALLIS 10 SSW, OR US","44.4185","-123.3257","95.1","2018-12-30","0.06",",,R","49",",,R","36",",,R"
"USW00004236","CORVALLIS 10 SSW, OR US","44.4185","-123.3257","95.1","2018-12-31","0.00",",,R","44",",,R","29",",,R"
"USW00004236","CORVALLIS 10 SSW, OR US","44.4185","-123.3257","95.1","2019-01-01","0.00",",,R","38",",,R","26",",,R"
"USW00004236","CORVALLIS 10 SSW, OR US","44.4185","-123.3257","95.1","2019-01-02","0.00",",,R","44",",,R","26",",,R"
"USW00004236","CORVALLIS 10 SSW, OR US","44.4185","-123.3257","95.1","2019-01-03","0.00",",,R","55",",,R","41",",,R"
"USW00004236","CORVALLIS 10 SSW, OR US","44.4185","-123.3257","95.1","2019-01-04","0.11",",,R","49",",,R","36",",,R"
"USW00004236","CORVALLIS 10 SSW, OR US","44.4185","-123.3257","95.1","2019-01-05","0.15",",,R","47",",,R","36",",,R"
"USW00004236","CORVALLIS 10 SSW, OR US","44.4185","-123.3257","95.1","2019-01-06","0.31",",,R","44",",,R","33",",,R"
"USW00004236","CORVALLIS 10 SSW, OR US","44.4185","-123.3257","95.1","2019-01-07","0.01",",,R","44",",,R","31",",,R"
"USW00004236","CORVALLIS 10 SSW, OR US","44.4185","-123.3257","95.1","2019-01-08","0.33",",,R","45",",,R","39",",,R"
"USW00004236","CORVALLIS 10 SSW, OR US","44.4185","-123.3257","95.1","2019-01-09","0.52",",,R","54",",,R","37",",,R"
"USW00004236","CORVALLIS 10 SSW, OR US","44.4185","-123.3257","95.1","2019-01-10","0.01",",,R","57",",,R","42",",,R"
"USW00004236","CORVALLIS 10 SSW, OR US","44.4185","-123.3257","95.1","2019-01-11","0.00",",,R","51",",,R","35",",,R"
"USW00004236","CORVALLIS 10 SSW, OR US","44.4185","-123.3257","95.1","2019-01-12","0.00",",,R","50",",,R","31",",,R"
"USW00004236","CORVALLIS 10 SSW, OR US","44.4185","-123.3257","95.1","2019-01-13","0.00",",,R","51",",,R","28",",,R"
"USW00004236","CORVALLIS 10 SSW, OR US","44.4185","-123.3257","95.1","2019-01-14","0.00",",,R","48",",,R","25",",,R"
"USW00004236","CORVALLIS 10 SSW, OR US","44.4185","-123.3257","95.1","2019-01-15","0.00",",,R","43",",,R","28",",,R"
"USW00004236","CORVALLIS 10 SSW, OR US","44.4185","-123.3257","95.1","2019-01-16","0.20",",,R","42",",,R","30",",,R"
"USW00004236","CORVALLIS 10 SSW, OR US","44.4185","-123.3257","95.1","2019-01-17","0.54",",,R","50",",,R","35",",,R"
"USW00004236","CORVALLIS 10 SSW, OR US","44.4185","-123.3257","95.1","2019-01-18","0.79",",,R","51",",,R","38",",,R"
"USW00004236","CORVALLIS 10 SSW, OR US","44.4185","-123.3257","95.1","2019-01-19","0.02",",,R","54",",,R","45",",,R"
"USW00004236","CORVALLIS 10 SSW, OR US","44.4185","-123.3257","95.1","2019-01-20","0.69",",,R","46",",,R","39",",,R"
"USW00004236","CORVALLIS 10 SSW, OR US","44.4185","-123.3257","95.1","2019-01-21","0.02",",,R","48",",,R","32",",,R"
"USW00004236","CORVALLIS 10 SSW, OR US","44.4185","-123.3257","95.1","2019-01-22","0.07",",,R","47",",,R","40",",,R"
"USW00004236","CORVALLIS 10 SSW, OR US","44.4185","-123.3257","95.1","2019-01-23","0.22",",,R","55",",,R","36",",,R"
"USW00004236","CORVALLIS 10 SSW, OR US","44.4185","-123.3257","95.1","2019-01-24","0.00",",,R","51",",,R","35",",,R"
"USW00004236","CORVALLIS 10 SSW, OR US","44.4185","-123.3257","95.1","2019-01-25","0.00",",,R","51",",,R","35",",,R"
"USW00004236","CORVALLIS 10 SSW, OR US","44.4185","-123.3257","95.1","2019-01-26","0.00",",,R","40",",,R","31",",,R"
"USW00004236","CORVALLIS 10 SSW, OR US","44.4185","-123.3257","95.1","2019-01-27","0.00",",,R","40",",,R","36",",,R"
"USW00004236","CORVALLIS 10 SSW, OR US","44.4185","-123.3257","95.1","2019-01-28","0.00",",,R","53",",,R","33",",,R"
"USW00004236","CORVALLIS 10 SSW, OR US","44.4185","-123.3257","95.1","2019-01-29","0.00",",,R","51",",,R","27",",,R"
"USW00004236","CORVALLIS 10 SSW, OR US","44.4185","-123.3257","95.1","2019-01-30","0.00",",,R","50",",,R","28",",,R"
"USW00004236","CORVALLIS 10 SSW, OR US","44.4185","-123.3257","95.1","2019-01-31","0.00",",,R","49",",,R","28",",,R"
"USW00004236","CORVALLIS 10 SSW, OR US","44.4185","-123.3257","95.1","2019-02-01","0.12",",,R","51",",,R","38",",,R"
"USW00004236","CORVALLIS 10 SSW, OR US","44.4185","-123.3257","95.1","2019-02-02","0.20",",,R","52",",,R","43",",,R"
"USW00004236","CORVALLIS 10 SSW, OR US","44.4185","-123.3257","95.1","2019-02-03","0.33",",,R","46",",,R","36",",,R"
"USW00004236","CORVALLIS 10 SSW, OR US","44.4185","-123.3257","95.1","2019-02-04","0.03",",,R","41",",,R","27",",,R"
"USW00004236","CORVALLIS 10 SSW, OR US","44.4185","-123.3257","95.1","2019-02-05","0.08",",,R","41",",,R","29",",,R"
"USW00004236","CORVALLIS 10 SSW, OR US","44.4185","-123.3257","95.1","2019-02-06","0.00",",,R","38",",,R","26",",,R"
"USW00004236","CORVALLIS 10 SSW, OR US","44.4185","-123.3257","95.1","2019-02-07","0.00",",,R","36",",,R","25",",,R"
"USW00004236","CORVALLIS 10 SSW, OR US","44.4185","-123.3257","95.1","2019-02-08","0.38",",,R","41",",,R","29",",,R"
"USW00004236","CORVALLIS 10 SSW, OR US","44.4185","-123.3257","95.1","2019-02-09","0.39",",,R","38",",,R","30",",,R"
"USW00004236","CORVALLIS 10 SSW, OR US","44.4185","-123.3257","95.1","2019-02-10","0.23",",,R","37",",,R","27",",,R"
"USW00004236","CORVALLIS 10 SSW, OR US","44.4185","-123.3257","95.1","2019-02-11","1.18",",,R","44",",,R","37",",,R"
"USW00004236","CORVALLIS 10 SSW, OR US","44.4185","-123.3257","95.1","2019-02-12","0.56",",,R","44",",,R","39",",,R"
"USW00004236","CORVALLIS 10 SSW, OR US","44.4185","-123.3257","95.1","2019-02-13","0.03",",,R","44",",,R","39",",,R"
"USW00004236","CORVALLIS 10 SSW, OR US","44.4185","-123.3257","95.1","2019-02-14","0.35",",,R","46",",,R","36",",,R"
"USW00004236","CORVALLIS 10 SSW, OR US","44.4185","-123.3257","95.1","2019-02-15","0.35",",,R","45",",,R","37",",,R"
"USW00004236","CORVALLIS 10 SSW, OR US","44.4185","-123.3257","95.1","2019-02-16","0.36",",,R","45",",,R","35",",,R"
"USW00004236","CORVALLIS 10 SSW, OR US","44.4185","-123.3257","95.1","2019-02-17","0.00",",,R","43",",,R","30",",,R"
"USW00004236","CORVALLIS 10 SSW, OR US","44.4185","-123.3257","95.1","2019-02-18","0.00",",,R","44",",,R","27",",,R"
"USW00004236","CORVALLIS 10 SSW, OR US","44.4185","-123.3257","95.1","2019-02-19","0.19",",,R","44",",,R","30",",,R"
"USW00004236","CORVALLIS 10 SSW, OR US","44.4185","-123.3257","95.1","2019-02-20","0.61",",,R","43",",,R","31",",,R"
"USW00004236","CORVALLIS 10 SSW, OR US","44.4185","-123.3257","95.1","2019-02-21","0.00",",,R","47",",,R","28",",,R"
"USW00004236","CORVALLIS 10 SSW, OR US","44.4185","-123.3257","95.1","2019-02-22","0.40",",,R","47",",,R","27",",,R"
"USW00004236","CORVALLIS 10 SSW, OR US","44.4185","-123.3257","95.1","2019-02-23","0.65",",,R","45",",,R","38",",,R"
"USW00004236","CORVALLIS 10 SSW, OR US","44.4185","-123.3257","95.1","2019-02-24","1.73",",,R","43",",,R","32",",,R"
"USW00004236","CORVALLIS 10 SSW, OR US","44.4185","-123.3257","95.1","2019-02-25","0.70",",,R","35",",,R","31",",,R"
"USW00004236","CORVALLIS 10 SSW, OR US","44.4185","-123.3257","95.1","2019-02-26","0.31",",,R","38",",,R","28",",,R"
"USW00004236","CORVALLIS 10 SSW, OR US","44.4185","-123.3257","95.1","2019-02-27","0.12",",,R","35",",,R","28",",,R"
"USW00004236","CORVALLIS 10 SSW, OR US","44.4185","-123.3257","95.1","2019-02-28","0.04",",,R","40",",,R","28",",,R"
"USW00004236","CORVALLIS 10 SSW, OR US","44.4185","-123.3257","95.1","2019-03-01","0.00",",,R","50",",,R","31",",,R"
"USW00004236","CORVALLIS 10 SSW, OR US","44.4185","-123.3257","95.1","2019-03-02","0.00",",,R","52",",,R","28",",,R"
"USW00004236","CORVALLIS 10 SSW, OR US","44.4185","-123.3257","95.1","2019-03-03","0.00",",,R","47",",,R","27",",,R"
"USW00004236","CORVALLIS 10 SSW, OR US","44.4185","-123.3257","95.1","2019-03-04","0.00",",,R","43",",,R","20",",,R"
"USW00004236","CORVALLIS 10 SSW, OR US","44.4185","-123.3257","95.1","2019-03-05","0.00",",,R","39",",,R","22",",,R"
"USW00004236","CORVALLIS 10 SSW, OR US","44.4185","-123.3257","95.1","2019-03-06","0.15",",,R","37",",,R","31",",,R"
"USW00004236","CORVALLIS 10 SSW, OR US","44.4185","-123.3257","95.1","2019-03-07","0.10",",,R","46",",,R","28",",,R"
"USW00004236","CORVALLIS 10 SSW, OR US","44.4185","-123.3257","95.1","2019-03-08","0.11",",,R","44",",,R","27",",,R"
"USW00004236","CORVALLIS 10 SSW, OR US","44.4185","-123.3257","95.1","2019-03-09","0.01",",,R","45",",,R","35",",,R"
"USW00004236","CORVALLIS 10 SSW, OR US","44.4185","-123.3257","95.1","2019-03-10","0.00",",,R","53",",,R","31",",,R"
"USW00004236","CORVALLIS 10 SSW, OR US","44.4185","-123.3257","95.1","2019-03-11","0.06",",,R","62",",,R","26",",,R"
"USW00004236","CORVALLIS 10 SSW, OR US","44.4185","-123.3257","95.1","2019-03-12","0.20",",,R","51",",,R","38",",,R"
"USW00004236","CORVALLIS 10 SSW, OR US","44.4185","-123.3257","95.1","2019-03-13","0.01",",,R","53",",,R","33",",,R"
"USW00004236","CORVALLIS 10 SSW, OR US","44.4185","-123.3257","95.1","2019-03-14","0.00",",,R","56",",,R","29",",,R"
"USW00004236","CORVALLIS 10 SSW, OR US","44.4185","-123.3257","95.1","2019-03-15","0.00",",,R","62",",,R","30",",,R"
"USW00004236","CORVALLIS 10 SSW, OR US","44.4185","-123.3257","95.1","2019-03-16","0.00",",,R","62",",,R","33",",,R"
"USW00004236","CORVALLIS 10 SSW, OR US","44.4185","-123.3257","95.1","2019-03-17","0.00",",,R","67",",,R","35",",,R"
"USW00004236","CORVALLIS 10 SSW, OR US","44.4185","-123.3257","95.1","2019-03-18","0.00",",,R","75",",,R","33",",,R"
"USW00004236","CORVALLIS 10 SSW, OR US","44.4185","-123.3257","95.1","2019-03-19","0.00",",,R","76",",,R","36",",,R"
"USW00004236","CORVALLIS 10 SSW, OR US","44.4185","-123.3257","95.1","2019-03-20","0.00",",,R","69",",,R","43",",,R"
"USW00004236","CORVALLIS 10 SSW, OR US","44.4185","-123.3257","95.1","2019-03-21","0.00",",,R","57",",,R","40",",,R"
"USW00004236","CORVALLIS 10 SSW, OR US","44.4185","-123.3257","95.1","2019-03-22","0.22",",,R","54",",,R","37",",,R"
"USW00004236","CORVALLIS 10 SSW, OR US","44.4185","-123.3257","95.1","2019-03-23","0.09",",,R","55",",,R","37",",,R"
"USW00004236","CORVALLIS 10 SSW, OR US","44.4185","-123.3257","95.1","2019-03-24","0.00",",,R","60",",,R","33",",,R"
"USW00004236","CORVALLIS 10 SSW, OR US","44.4185","-123.3257","95.1","2019-03-25","0.06",",,R","51",",,R","38",",,R"
"USW00004236","CORVALLIS 10 SSW, OR US","44.4185","-123.3257","95.1","2019-03-26","0.00",",,R","58",",,R","32",",,R"
"USW00004236","CORVALLIS 10 SSW, OR US","44.4185","-123.3257","95.1","2019-03-27","0.04",",,R","56",",,R","37",",,R"
"USW00004236","CORVALLIS 10 SSW, OR US","44.4185","-123.3257","95.1","2019-03-28","0.23",",,R","58",",,R","37",",,R"
"USW00004236","CORVALLIS 10 SSW, OR US","44.4185","-123.3257","95.1","2019-03-29","0.07",",,R","61",",,R","38",",,R"
"USW00004236","CORVALLIS 10 SSW, OR US","44.4185","-123.3257","95.1","2019-03-30","0.00",",,R","64",",,R","39",",,R"
"USW00004236","CORVALLIS 10 SSW, OR US","44.4185","-123.3257","95.1","2019-03-31","0.00",",,R","67",",,R","36",",,R"
"USW00004236","CORVALLIS 10 SSW, OR US","44.4185","-123.3257","95.1","2019-04-01","0.55",",,R","56",",,R","49",",,R"
"USW00004236","CORVALLIS 10 SSW, OR US","44.4185","-123.3257","95.1","2019-04-02","0.41",",,R","59",",,R","48",",,R"
"USW00004236","CORVALLIS 10 SSW, OR US","44.4185","-123.3257","95.1","2019-04-03","0.00",",,R","58",",,R","48",",,R"
"USW00004236","CORVALLIS 10 SSW, OR US","44.4185","-123.3257","95.1","2019-04-04","0.28",",,R","58",",,R","47",",,R"
"USW00004236","CORVALLIS 10 SSW, OR US","44.4185","-123.3257","95.1","2019-04-05","0.55",",,R","55",",,R","42",",,R"
"USW00004236","CORVALLIS 10 SSW, OR US","44.4185","-123.3257","95.1","2019-04-06","1.37",",,R","53",",,R","42",",,R"
"USW00004236","CORVALLIS 10 SSW, OR US","44.4185","-123.3257","95.1","2019-04-07","2.11",",,R","55",",,R","48",",,R"
"USW00004236","CORVALLIS 10 SSW, OR US","44.4185","-123.3257","95.1","2019-04-08","0.44",",,R","57",",,R","47",",,R"
"USW00004236","CORVALLIS 10 SSW, OR US","44.4185","-123.3257","95.1","2019-04-09","0.16",",,R","56",",,R","44",",,R"
"USW00004236","CORVALLIS 10 SSW, OR US","44.4185","-123.3257","95.1","2019-04-10","0.10",",,R","53",",,R","45",",,R"
"USW00004236","CORVALLIS 10 SSW, OR US","44.4185","-123.3257","95.1","2019-04-11","0.10",",,R","53",",,R","47",",,R"
"USW00004236","CORVALLIS 10 SSW, OR US","44.4185","-123.3257","95.1","2019-04-12","0.00",",,R","61",",,R","39",",,R"
"USW00004236","CORVALLIS 10 SSW, OR US","44.4185","-123.3257","95.1","2019-04-13","0.07",",,R","51",",,R","39",",,R"
"USW00004236","CORVALLIS 10 SSW, OR US","44.4185","-123.3257","95.1","2019-04-14","0.00",",,R","53",",,R","37",",,R"
"USW00004236","CORVALLIS 10 SSW, OR US","44.4185","-123.3257","95.1","2019-04-15","0.25",",,R","48",",,R","35",",,R"
"USW00004236","CORVALLIS 10 SSW, OR US","44.4185","-123.3257","95.1","2019-04-16","0.00",",,R","61",",,R","44",",,R"
"USW00004236","CORVALLIS 10 SSW, OR US","44.4185","-123.3257","95.1","2019-04-17","0.00",",,R","65",",,R","48",",,R"
"USW00004236","CORVALLIS 10 SSW, OR US","44.4185","-123.3257","95.1","2019-04-18","0.00",",,R","77",",,R","44",",,R"
"USW00004236","CORVALLIS 10 SSW, OR US","44.4185","-123.3257","95.1","2019-04-19","0.33",",,R","66",",,R","46",",,R"
"USW00004236","CORVALLIS 10 SSW, OR US","44.4185","-123.3257","95.1","2019-04-20","0.13",",,R","60",",,R","40",",,R"
"USW00004236","CORVALLIS 10 SSW, OR US","44.4185","-123.3257","95.1","2019-04-21","0.00",",,R","62",",,R","39",",,R"
"USW00004236","CORVALLIS 10 SSW, OR US","44.4185","-123.3257","95.1","2019-04-22","0.00",",,R","68",",,R","39",",,R"
"USW00004236","CORVALLIS 10 SSW, OR US","44.4185","-123.3257","95.1","2019-04-23","0.00",",,R","65",",,R","47",",,R"
"USW00004236","CORVALLIS 10 SSW, OR US","44.4185","-123.3257","95.1","2019-04-24","0.00",",,R","65",",,R","46",",,R"
"USW00004236","CORVALLIS 10 SSW, OR US","44.4185","-123.3257","95.1","2019-04-25","0.00",",,R","68",",,R","39",",,R"
"USW00004236","CORVALLIS 10 SSW, OR US","44.4185","-123.3257","95.1","2019-04-26","0.00",",,R","68",",,R","38",",,R"
"USW00004236","CORVALLIS 10 SSW, OR US","44.4185","-123.3257","95.1","2019-04-27","0.00",",,R","60",",,R","40",",,R"
"USW00004236","CORVALLIS 10 SSW, OR US","44.4185","-123.3257","95.1","2019-04-28","0.00",",,R","64",",,R","33",",,R"
"USW00004236","CORVALLIS 10 SSW, OR US","44.4185","-123.3257","95.1","2019-04-29","0.00",",,R","66",",,R","45",",,R"
"USW00004236","CORVALLIS 10 SSW, OR US","44.4185","-123.3257","95.1","2019-04-30","0.00",",,R","68",",,R","41",",,R"
"USW00004236","CORVALLIS 10 SSW, OR US","44.4185","-123.3257","95.1","2019-05-01","0.00",",,R","67",",,R","33",",,R"
"USW00004236","CORVALLIS 10 SSW, OR US","44.4185","-123.3257","95.1","2019-05-02","0.00",",,R","63",",,R","32",",,R"
"USW00004236","CORVALLIS 10 SSW, OR US","44.4185","-123.3257","95.1","2019-05-03","0.00",",,R","70",",,R","35",",,R"
"USW00004236","CORVALLIS 10 SSW, OR US","44.4185","-123.3257","95.1","2019-05-04","0.00",",,R","72",",,R","40",",,R"
"USW00004236","CORVALLIS 10 SSW, OR US","44.4185","-123.3257","95.1","2019-05-05","0.00",",,R","75",",,R","43",",,R"
"USW00004236","CORVALLIS 10 SSW, OR US","44.4185","-123.3257","95.1","2019-05-06","0.00",",,R","81",",,R","42",",,R"
"USW00004236","CORVALLIS 10 SSW, OR US","44.4185","-123.3257","95.1","2019-05-07","0.00",",,R","75",",,R","42",",,R"
"USW00004236","CORVALLIS 10 SSW, OR US","44.4185","-123.3257","95.1","2019-05-08","0.00",",,R","76",",,R","41",",,R"
"USW00004236","CORVALLIS 10 SSW, OR US","44.4185","-123.3257","95.1","2019-05-09","0.00",",,R","84",",,R","45",",,R"
"USW00004236","CORVALLIS 10 SSW, OR US","44.4185","-123.3257","95.1","2019-05-10","0.00",",,R","83",",,R","43",",,R"
"USW00004236","CORVALLIS 10 SSW, OR US","44.4185","-123.3257","95.1","2019-05-11","0.00",",,R","79",",,R","44",",,R"
"USW00004236","CORVALLIS 10 SSW, OR US","44.4185","-123.3257","95.1","2019-05-12","0.00",",,R","73",",,R","39",",,R"
"USW00004236","CORVALLIS 10 SSW, OR US","44.4185","-123.3257","95.1","2019-05-13","0.00",",,R","67",",,R","43",",,R"
"USW00004236","CORVALLIS 10 SSW, OR US","44.4185","-123.3257","95.1","2019-05-14","0.19",",,R","61",",,R","49",",,R"
"USW00004236","CORVALLIS 10 SSW, OR US","44.4185","-123.3257","95.1","2019-05-15","0.13",",,R","59",",,R","48",",,R"
"USW00004236","CORVALLIS 10 SSW, OR US","44.4185","-123.3257","95.1","2019-05-16","0.06",",,R","61",",,R","49",",,R"
"USW00004236","CORVALLIS 10 SSW, OR US","44.4185","-123.3257","95.1","2019-05-17","0.04",",,R","62",",,R","50",",,R"
"USW00004236","CORVALLIS 10 SSW, OR US","44.4185","-123.3257","95.1","2019-05-18","0.54",",,R","66",",,R","49",",,R"
"USW00004236","CORVALLIS 10 SSW, OR US","44.4185","-123.3257","95.1","2019-05-19","0.00",",,R","66",",,R","45",",,R"
"USW00004236","CORVALLIS 10 SSW, OR US","44.4185","-123.3257","95.1","2019-05-20","0.01",",,R","67",",,R","45",",,R"
"USW00004236","CORVALLIS 10 SSW, OR US","44.4185","-123.3257","95.1","2019-05-21","0.32",",,R","63",",,R","48",",,R"
"USW00004236","CORVALLIS 10 SSW, OR US","44.4185","-123.3257","95.1","2019-05-22","0.05",",,R","68",",,R","45",",,R"
"USW00004236","CORVALLIS 10 SSW, OR US","44.4185","-123.3257","95.1","2019-05-23","0.00",",,R","74",",,R","46",",,R"
"USW00004236","CORVALLIS 10 SSW, OR US","44.4185","-123.3257","95.1","2019-05-24","0.01",",,R","63",",,R","44",",,R"
"USW00004236","CORVALLIS 10 SSW, OR US","44.4185","-123.3257","95.1","2019-05-25","0.44",",,R","57",",,R","46",",,R"
"USW00004236","CORVALLIS 10 SSW, OR US","44.4185","-123.3257","95.1","2019-05-26","0.05",",,R","67",",,R","46",",,R"
"USW00004236","CORVALLIS 10 SSW, OR US","44.4185","-123.3257","95.1","2019-05-27","0.01",",,R","64",",,R","51",",,R"
"USW00004236","CORVALLIS 10 SSW, OR US","44.4185","-123.3257","95.1","2019-05-28","0.00",",,R","67",",,R","49",",,R"
"USW00004236","CORVALLIS 10 SSW, OR US","44.4185","-123.3257","95.1","2019-05-29","0.00",",,R","75",",,R","44",",,R"
"USW00004236","CORVALLIS 10 SSW, OR US","44.4185","-123.3257","95.1","2019-05-30","0.00",",,R","77",",,R","44",",,R"
"USW00004236","CORVALLIS 10 SSW, OR US","44.4185","-123.3257","95.1","2019-05-31","0.00",",,R","80",",,R","48",",,R"
"USW00004236","CORVALLIS 10 SSW, OR US","44.4185","-123.3257","95.1","2019-06-01","0.00",",,R","81",",,R","47",",,R"
"USW00004236","CORVALLIS 10 SSW, OR US","44.4185","-123.3257","95.1","2019-06-02","0.00",",,R","79",",,R","47",",,R"
"USW00004236","CORVALLIS 10 SSW, OR US","44.4185","-123.3257","95.1","2019-06-03","0.00",",,R","74",",,R","42",",,R"
"USW00004236","CORVALLIS 10 SSW, OR US","44.4185","-123.3257","95.1","2019-06-04","0.00",",,R","77",",,R","43",",,R"
"USW00004236","CORVALLIS 10 SSW, OR US","44.4185","-123.3257","95.1","2019-06-05","0.00",",,R","71",",,R","44",",,R"
"USW00004236","CORVALLIS 10 SSW, OR US","44.4185","-123.3257","95.1","2019-06-06","0.00",",,R","63",",,R","48",",,R"
"USW00004236","CORVALLIS 10 SSW, OR US","44.4185","-123.3257","95.1","2019-06-07","0.05",",,R","64",",,R","42",",,R"
"USW00004236","CORVALLIS 10 SSW, OR US","44.4185","-123.3257","95.1","2019-06-08","0.00",",,R","68",",,R","40",",,R"
"USW00004236","CORVALLIS 10 SSW, OR US","44.4185","-123.3257","95.1","2019-06-09","0.00",",,R","81",",,R","47",",,R"
"USW00004236","CORVALLIS 10 SSW, OR US","44.4185","-123.3257","95.1","2019-06-10","0.00",",,R","85",",,R","49",",,R"
"USW00004236","CORVALLIS 10 SSW, OR US","44.4185","-123.3257","95.1","2019-06-11","0.00",",,R","92",",,R","56",",,R"
"USW00004236","CORVALLIS 10 SSW, OR US","44.4185","-123.3257","95.1","2019-06-12","0.00",",,R","96",",,R","57",",,R"
"USW00004236","CORVALLIS 10 SSW, OR US","44.4185","-123.3257","95.1","2019-06-13","0.00",",,R","85",",,R","53",",,R"
"USW00004236","CORVALLIS 10 SSW, OR US","44.4185","-123.3257","95.1","2019-06-14","0.00",",,R","76",",,R","45",",,R"
"USW00004236","CORVALLIS 10 SSW, OR US","44.4185","-123.3257","95.1","2019-06-15","0.00",",,R","80",",,R","49",",,R"
"USW00004236","CORVALLIS 10 SSW, OR US","44.4185","-123.3257","95.1","2019-06-16","0.00",",,R","82",",,R","49",",,R"
"USW00004236","CORVALLIS 10 SSW, OR US","44.4185","-123.3257","95.1","2019-06-17","0.00",",,R","83",",,R","48",",,R"
"USW00004236","CORVALLIS 10 SSW, OR US","44.4185","-123.3257","95.1","2019-06-18","0.00",",,R","78",",,R","50",",,R"
"USW00004236","CORVALLIS 10 SSW, OR US","44.4185","-123.3257","95.1","2019-06-19","0.00",",,R","73",",,R","43",",,R"
"USW00004236","CORVALLIS 10 SSW, OR US","44.4185","-123.3257","95.1","2019-06-20","0.00",",,R","69",",,R","47",",,R"
"USW00004236","CORVALLIS 10 SSW, OR US","44.4185","-123.3257","95.1","2019-06-21","0.00",",,R","72",",,R","45",",,R"
"USW00004236","CORVALLIS 10 SSW, OR US","44.4185","-123.3257","95.1","2019-06-22","0.00",",,R","75",",,R","44",",,R"
"USW00004236","CORVALLIS 10 SSW, OR US","44.4185","-123.3257","95.1","2019-06-23","0.00",",,R","74",",,R","50",",,R"
"USW00004236","CORVALLIS 10 SSW, OR US","44.4185","-123.3257","95.1","2019-06-24","0.00",",,R","74",",,R","49",",,R"
"USW00004236","CORVALLIS 10 SSW, OR US","44.4185","-123.3257","95.1","2019-06-25","0.00",",,R","75",",,R","47",",,R"
"USW00004236","CORVALLIS 10 SSW, OR US","44.4185","-123.3257","95.1","2019-06-26","0.04",",,R","73",",,R","44",",,R"
"USW00004236","CORVALLIS 10 SSW, OR US","44.4185","-123.3257","95.1","2019-06-27","0.24",",,R","67",",,R","48",",,R"
"USW00004236","CORVALLIS 10 SSW, OR US","44.4185","-123.3257","95.1","2019-06-28","0.00",",,R","73",",,R","45",",,R"
"USW00004236","CORVALLIS 10 SSW, OR US","44.4185","-123.3257","95.1","2019-06-29","0.00",",,R","78",",,R","45",",,R"
"USW00004236","CORVALLIS 10 SSW, OR US","44.4185","-123.3257","95.1","2019-06-30","0.00",",,R","82",",,R","46",",,R"
"USW00004236","CORVALLIS 10 SSW, OR US","44.4185","-123.3257","95.1","2019-07-01","0.00",",,R","69",",,R","50",",,R"
"USW00004236","CORVALLIS 10 SSW, OR US","44.4185","-123.3257","95.1","2019-07-02","0.00",",,R","68",",,R","51",",,R"
"USW00004236","CORVALLIS 10 SSW, OR US","44.4185","-123.3257","95.1","2019-07-03","0.00",",,R","75",",,R","52",",,R"
"USW00004236","CORVALLIS 10 SSW, OR US","44.4185","-123.3257","95.1","2019-07-04","0.00",",,R","82",",,R","48",",,R"
"USW00004236","CORVALLIS 10 SSW, OR US","44.4185","-123.3257","95.1","2019-07-05","0.00",",,R","76",",,R","48",",,R"
"USW00004236","CORVALLIS 10 SSW, OR US","44.4185","-123.3257","95.1","2019-07-06","0.00",",,R","68",",,R","54",",,R"
"USW00004236","CORVALLIS 10 SSW, OR US","44.4185","-123.3257","95.1","2019-07-07","0.00",",,R","79",",,R","49",",,R"
"USW00004236","CORVALLIS 10 SSW, OR US","44.4185","-123.3257","95.1","2019-07-08","0.00",",,R","81",",,R","47",",,R"
"USW00004236","CORVALLIS 10 SSW, OR US","44.4185","-123.3257","95.1","2019-07-09","0.57",",,R","70",",,R","56",",,R"
"USW00004236","CORVALLIS 10 SSW, OR US","44.4185","-123.3257","95.1","2019-07-10","0.00",",,R","76",",,R","61",",,R"
"USW00004236","CORVALLIS 10 SSW, OR US","44.4185","-123.3257","95.1","2019-07-11","0.00",",,R","81",",,R","54",",,R"
"USW00004236","CORVALLIS 10 SSW, OR US","44.4185","-123.3257","95.1","2019-07-12","0.00",",,R","82",",,R","55",",,R"
"USW00004236","CORVALLIS 10 SSW, OR US","44.4185","-123.3257","95.1","2019-07-13","0.00",",,R","83",",,R","55",",,R"
"USW00004236","CORVALLIS 10 SSW, OR US","44.4185","-123.3257","95.1","2019-07-14","0.00",",,R","85",",,R","51",",,R"
"USW00004236","CORVALLIS 10 SSW, OR US","44.4185","-123.3257","95.1","2019-07-15","0.05",",,R","78",",,R","57",",,R"
"USW00004236","CORVALLIS 10 SSW, OR US","44.4185","-123.3257","95.1","2019-07-16","0.00",",,R","80",",,R","53",",,R"
"USW00004236","CORVALLIS 10 SSW, OR US","44.4185","-123.3257","95.1","2019-07-17","0.00",",,R","80",",,R","51",",,R"
"USW00004236","CORVALLIS 10 SSW, OR US","44.4185","-123.3257","95.1","2019-07-18","0.00",",,R","78",",,R","52",",,R"
"USW00004236","CORVALLIS 10 SSW, OR US","44.4185","-123.3257","95.1","2019-07-19","0.00",",,R","76",",,R","48",",,R"
"USW00004236","CORVALLIS 10 SSW, OR US","44.4185","-123.3257","95.1","2019-07-20","0.00",",,R","85",",,R","49",",,R"
"USW00004236","CORVALLIS 10 SSW, OR US","44.4185","-123.3257","95.1","2019-07-21","0.00",",,R","85",",,R","50",",,R"
"USW00004236","CORVALLIS 10 SSW, OR US","44.4185","-123.3257","95.1","2019-07-22","0.00",",,R","83",",,R","49",",,R"
"USW00004236","CORVALLIS 10 SSW, OR US","44.4185","-123.3257","95.1","2019-07-23","0.00",",,R","79",",,R","49",",,R"
"USW00004236","CORVALLIS 10 SSW, OR US","44.4185","-123.3257","95.1","2019-07-24","0.00",",,R","81",",,R","45",",,R"
"USW00004236","CORVALLIS 10 SSW, OR US","44.4185","-123.3257","95.1","2019-07-25","0.00",",,R","91",",,R","52",",,R"
"USW00004236","CORVALLIS 10 SSW, OR US","44.4185","-123.3257","95.1","2019-07-26","0.00",",,R","90",",,R","52",",,R"
"USW00004236","CORVALLIS 10 SSW, OR US","44.4185","-123.3257","95.1","2019-07-27","0.00",",,R","83",",,R","53",",,R"
"USW00004236","CORVALLIS 10 SSW, OR US","44.4185","-123.3257","95.1","2019-07-28","0.00",",,R","85",",,R","56",",,R"
"USW00004236","CORVALLIS 10 SSW, OR US","44.4185","-123.3257","95.1","2019-07-29","0.00",",,R","82",",,R","50",",,R"
"USW00004236","CORVALLIS 10 SSW, OR US","44.4185","-123.3257","95.1","2019-07-30","0.00",",,R","78",",,R","49",",,R"
"USW00004236","CORVALLIS 10 SSW, OR US","44.4185","-123.3257","95.1","2019-07-31","0.00",",,R","85",",,R","49",",,R"
"USW00004236","CORVALLIS 10 SSW, OR US","44.4185","-123.3257","95.1","2019-08-01","0.00",",,R","90",",,R","50",",,R"
"USW00004236","CORVALLIS 10 SSW, OR US","44.4185","-123.3257","95.1","2019-08-02","0.00",",,R","82",",,R","55",",,R"
"USW00004236","CORVALLIS 10 SSW, OR US","44.4185","-123.3257","95.1","2019-08-03","0.00",",,R","89",",,R","58",",,R"
"USW00004236","CORVALLIS 10 SSW, OR US","44.4185","-123.3257","95.1","2019-08-04","0.00",",,R","90",",,R","54",",,R"
"USW00004236","CORVALLIS 10 SSW, OR US","44.4185","-123.3257","95.1","2019-08-05","0.00",",,R","87",",,R","52",",,R"
"USW00004236","CORVALLIS 10 SSW, OR US","44.4185","-123.3257","95.1","2019-08-06","0.00",",,R","84",",,R","52",",,R"
"USW00004236","CORVALLIS 10 SSW, OR US","44.4185","-123.3257","95.1","2019-08-07","0.00",",,R","73",",,R","53",",,R"
"USW00004236","CORVALLIS 10 SSW, OR US","44.4185","-123.3257","95.1","2019-08-08","0.00",",,R","71",",,R","59",",,R"
"USW00004236","CORVALLIS 10 SSW, OR US","44.4185","-123.3257","95.1","2019-08-09","0.00",",,R","74",",,R","56",",,R"
"USW00004236","CORVALLIS 10 SSW, OR US","44.4185","-123.3257","95.1","2019-08-10","0.00",",,R","74",",,R","51",",,R"
"USW00004236","CORVALLIS 10 SSW, OR US","44.4185","-123.3257","95.1","2019-08-11","0.00",",,R","78",",,R","49",",,R"
"USW00004236","CORVALLIS 10 SSW, OR US","44.4185","-123.3257","95.1","2019-08-12","0.00",",,R","84",",,R","48",",,R"
"USW00004236","CORVALLIS 10 SSW, OR US","44.4185","-123.3257","95.1","2019-08-13","0.00",",,R","90",",,R","52",",,R"
"USW00004236","CORVALLIS 10 SSW, OR US","44.4185","-123.3257","95.1","2019-08-14","0.00",",,R","88",",,R","51",",,R"
"USW00004236","CORVALLIS 10 SSW, OR US","44.4185","-123.3257","95.1","2019-08-15","0.00",",,R","85",",,R","51",",,R"
"USW00004236","CORVALLIS 10 SSW, OR US","44.4185","-123.3257","95.1","2019-08-16","0.00",",,R","79",",,R","50",",,R"
"USW00004236","CORVALLIS 10 SSW, OR US","44.4185","-123.3257","95.1","2019-08-17","0.00",",,R","79",",,R","50",",,R"
"USW00004236","CORVALLIS 10 SSW, OR US","44.4185","-123.3257","95.1","2019-08-18","0.00",",,R","83",",,R","51",",,R"
"USW00004236","CORVALLIS 10 SSW, OR US","44.4185","-123.3257","95.1","2019-08-19","0.00",",,R","81",",,R","49",",,R"
"USW00004236","CORVALLIS 10 SSW, OR US","44.4185","-123.3257","95.1","2019-08-20","0.00",",,R","85",",,R","50",",,R"
"USW00004236","CORVALLIS 10 SSW, OR US","44.4185","-123.3257","95.1","2019-08-21","0.15",",,R","69",",,R","49",",,R"
"USW00004236","CORVALLIS 10 SSW, OR US","44.4185","-123.3257","95.1","2019-08-22","0.00",",,R","75",",,R","56",",,R"
"USW00004236","CORVALLIS 10 SSW, OR US","44.4185","-123.3257","95.1","2019-08-23","0.00",",,R","85",",,R","51",",,R"
"USW00004236","CORVALLIS 10 SSW, OR US","44.4185","-123.3257","95.1","2019-08-24","0.00",",,R","83",",,R","48",",,R"
"USW00004236","CORVALLIS 10 SSW, OR US","44.4185","-123.3257","95.1","2019-08-25","0.00",",,R","81",",,R","52",",,R"
"USW00004236","CORVALLIS 10 SSW, OR US","44.4185","-123.3257","95.1","2019-08-26","0.00",",,R","85",",,R","55",",,R"
"USW00004236","CORVALLIS 10 SSW, OR US","44.4185","-123.3257","95.1","2019-08-27","0.00",",,R","99",",,R","50",",,R"
"USW00004236","CORVALLIS 10 SSW, OR US","44.4185","-123.3257","95.1","2019-08-28","0.00",",,R","96",",,R","52",",,R"
"USW00004236","CORVALLIS 10 SSW, OR US","44.4185","-123.3257","95.1","2019-08-29","0.00",",,R","86",",,R","59",",,R"
"USW00004236","CORVALLIS 10 SSW, OR US","44.4185","-123.3257","95.1","2019-08-30","0.00",",,R","80",",,R","55",",,R"
"USW00004236","CORVALLIS 10 SSW, OR US","44.4185","-123.3257","95.1","2019-08-31","0.00",",,R","86",",,R","48",",,R"
"USW00004236","CORVALLIS 10 SSW, OR US","44.4185","-123.3257","95.1","2019-09-01","0.00",",,R","83",",,R","54",",,R"
"USW00004236","CORVALLIS 10 SSW, OR US","44.4185","-123.3257","95.1","2019-09-02","0.00",",,R","84",",,R","50",",,R"
"USW00004236","CORVALLIS 10 SSW, OR US","44.4185","-123.3257","95.1","2019-09-03","0.00",",,R","82",",,R","50",",,R"
"USW00004236","CORVALLIS 10 SSW, OR US","44.4185","-123.3257","95.1","2019-09-04","0.00",",,R","82",",,R","50",",,R"
"USW00004236","CORVALLIS 10 SSW, OR US","44.4185","-123.3257","95.1","2019-09-05","0.01",",,R","91",",,R","56",",,R"
"USW00004236","CORVALLIS 10 SSW, OR US","44.4185","-123.3257","95.1","2019-09-06","0.00",",,R","81",",,R","55",",,R"
"USW00004236","CORVALLIS 10 SSW, OR US","44.4185","-123.3257","95.1","2019-09-07","0.00",",,R","70",",,R","54",",,R"
"USW00004236","CORVALLIS 10 SSW, OR US","44.4185","-123.3257","95.1","2019-09-08","0.38",",,R","70",",,R","56",",,R"
"USW00004236","CORVALLIS 10 SSW, OR US","44.4185","-123.3257","95.1","2019-09-09","0.21",",,R","66",",,R","54",",,R"
"USW00004236","CORVALLIS 10 SSW, OR US","44.4185","-123.3257","95.1","2019-09-10","0.10",",,R","70",",,R","51",",,R"
"USW00004236","CORVALLIS 10 SSW, OR US","44.4185","-123.3257","95.1","2019-09-11","0.00",",,R","74",",,R","49",",,R"
"USW00004236","CORVALLIS 10 SSW, OR US","44.4185","-123.3257","95.1","2019-09-12","0.00",",,R","82",",,R","48",",,R"
"USW00004236","CORVALLIS 10 SSW, OR US","44.4185","-123.3257","95.1","2019-09-13","0.02",",,R","75",",,R","55",",,R"
"USW00004236","CORVALLIS 10 SSW, OR US","44.4185","-123.3257","95.1","2019-09-14","0.00",",,R","78",",,R","50",",,R"
"USW00004236","CORVALLIS 10 SSW, OR US","44.4185","-123.3257","95.1","2019-09-15","0.42",",,R","60",",,R","53",",,R"
"USW00004236","CORVALLIS 10 SSW, OR US","44.4185","-123.3257","95.1","2019-09-16","0.15",",,R","69",",,R","50",",,R"
"USW00004236","CORVALLIS 10 SSW, OR US","44.4185","-123.3257","95.1","2019-09-17","0.44",",,R","61",",,R","54",",,R"
"USW00004236","CORVALLIS 10 SSW, OR US","44.4185","-123.3257","95.1","2019-09-18","0.38",",,R","65",",,R","49",",,R"
"USW00004236","CORVALLIS 10 SSW, OR US","44.4185","-123.3257","95.1","2019-09-19","0.00",",,R","69",",,R","48",",,R"
"USW00004236","CORVALLIS 10 SSW, OR US","44.4185","-123.3257","95.1","2019-09-20","0.00",",,R","72",",,R","52",",,R"
"USW00004236","CORVALLIS 10 SSW, OR US","44.4185","-123.3257","95.1","2019-09-21","0.00",",,R","72",",,R","49",",,R"
"USW00004236","CORVALLIS 10 SSW, OR US","44.4185","-123.3257","95.1","2019-09-22","0.27",",,R","65",",,R","51",",,R"
"USW00004236","CORVALLIS 10 SSW, OR US","44.4185","-123.3257","95.1","2019-09-23","0.00",",,R","70",",,R","47",",,R"
"USW00004236","CORVALLIS 10 SSW, OR US","44.4185","-123.3257","95.1","2019-09-24","0.00",",,R","76",",,R","55",",,R"
"USW00004236","CORVALLIS 10 SSW, OR US","44.4185","-123.3257","95.1","2019-09-25","0.00",",,R","73",",,R","53",",,R"
"USW00004236","CORVALLIS 10 SSW, OR US","44.4185","-123.3257","95.1","2019-09-26","0.00",",,R","74",",,R","46",",,R"
"USW00004236","CORVALLIS 10 SSW, OR US","44.4185","-123.3257","95.1","2019-09-27","0.02",",,R","68",",,R","45",",,R"
"USW00004236","CORVALLIS 10 SSW, OR US","44.4185","-123.3257","95.1","2019-09-28","0.46",",,R","58",",,R","38",",,R"
"USW00004236","CORVALLIS 10 SSW, OR US","44.4185","-123.3257","95.1","2019-09-29","0.49",",,R","59",",,R","34",",,R"
"USW00004236","CORVALLIS 10 SSW, OR US","44.4185","-123.3257","95.1","2019-09-30","0.00",",,R","59",",,R","36",",,R"
"USW00004236","CORVALLIS 10 SSW, OR US","44.4185","-123.3257","95.1","2019-10-01","0.00",",,R","61",",,R","32",",,R"
"USW00004236","CORVALLIS 10 SSW, OR US","44.4185","-123.3257","95.1","2019-10-02","0.08",",,R","60",",,R","33",",,R"
"USW00004236","CORVALLIS 10 SSW, OR US","44.4185","-123.3257","95.1","2019-10-03","0.39",",,R","59",",,R","40",",,R"
"USW00004236","CORVALLIS 10 SSW, OR US","44.4185","-123.3257","95.1","2019-10-04","0.01",",,R","62",",,R","38",",,R"
"USW00004236","CORVALLIS 10 SSW, OR US","44.4185","-123.3257","95.1","2019-10-05","0.00",",,R","65",",,R","39",",,R"
"USW00004236","CORVALLIS 10 SSW, OR US","44.4185","-123.3257","95.1","2019-10-06","0.00",",,R","67",",,R","39",",,R"
"USW00004236","CORVALLIS 10 SSW, OR US","44.4185","-123.3257","95.1","2019-10-07","0.00",",,R","72",",,R","38",",,R"
"USW00004236","CORVALLIS 10 SSW, OR US","44.4185","-123.3257","95.1","2019-10-08","0.06",",,R","62",",,R","36",",,R"
"USW00004236","CORVALLIS 10 SSW, OR US","44.4185","-123.3257","95.1","2019-10-09","0.00",",,R","57",",,R","31",",,R"
"USW00004236","CORVALLIS 10 SSW, OR US","44.4185","-123.3257","95.1","2019-10-10","0.00",",,R","62",",,R","28",",,R"
"USW00004236","CORVALLIS 10 SSW, OR US","44.4185","-123.3257","95.1","2019-10-11","0.00",",,R","63",",,R","29",",,R"
"USW00004236","CORVALLIS 10 SSW, OR US","44.4185","-123.3257","95.1","2019-10-12","0.11",",,R","58",",,R","32",",,R"
"USW00004236","CORVALLIS 10 SSW, OR US","44.4185","-123.3257","95.1","2019-10-13","0.00",",,R","63",",,R","42",",,R"
"USW00004236","CORVALLIS 10 SSW, OR US","44.4185","-123.3257","95.1","2019-10-14","0.00",",,R","62",",,R","35",",,R"
"USW00004236","CORVALLIS 10 SSW, OR US","44.4185","-123.3257","95.1","2019-10-15","0.00",",,R","63",",,R","35",",,R"
"USW00004236","CORVALLIS 10 SSW, OR US","44.4185","-123.3257","95.1","2019-10-16","0.37",",,R","57",",,R","46",",,R"
"USW00004236","CORVALLIS 10 SSW, OR US","44.4185","-123.3257","95.1","2019-10-17","0.37",",,R","59",",,R","44",",,R"
"USW00004236","CORVALLIS 10 SSW, OR US","44.4185","-123.3257","95.1","2019-10-18","0.07",",,R","59",",,R","41",",,R"
"USW00004236","CORVALLIS 10 SSW, OR US","44.4185","-123.3257","95.1","2019-10-19","0.55",",,R","60",",,R","43",",,R"
"USW00004236","CORVALLIS 10 SSW, OR US","44.4185","-123.3257","95.1","2019-10-20","0.06",",,R","57",",,R","43",",,R"
"USW00004236","CORVALLIS 10 SSW, OR US","44.4185","-123.3257","95.1","2019-10-21","0.00",",,R","63",",,R","51",",,R"
"USW00004236","CORVALLIS 10 SSW, OR US","44.4185","-123.3257","95.1","2019-10-22","0.06",",,R","68",",,R","51",",,R"
"USW00004236","CORVALLIS 10 SSW, OR US","44.4185","-123.3257","95.1","2019-10-23","0.00",",,R","60",",,R","40",",,R"
"USW00004236","CORVALLIS 10 SSW, OR US","44.4185","-123.3257","95.1","2019-10-24","0.00",",,R","65",",,R","37",",,R"
"USW00004236","CORVALLIS 10 SSW, OR US","44.4185","-123.3257","95.1","2019-10-25","0.00",",,R","68",",,R","37",",,R"
"USW00004236","CORVALLIS 10 SSW, OR US","44.4185","-123.3257","95.1","2019-10-26","0.00",",,R","57",",,R","35",",,R"
"USW00004236","CORVALLIS 10 SSW, OR US","44.4185","-123.3257","95.1","2019-10-28","0.00",",,R","55",",,R","27",",,R"
"USW00004236","CORVALLIS 10 SSW, OR US","44.4185","-123.3257","95.1","2019-10-29","0.00",",,R","50",",,R","31",",,R"
"USW00004236","CORVALLIS 10 SSW, OR US","44.4185","-123.3257","95.1","2019-10-30","0.00",",,R","53",",,R","22",",,R"
"USW00004236","CORVALLIS 10 SSW, OR US","44.4185","-123.3257","95.1","2019-10-31","0.00",",,R","53",",,R","23",",,R"
"USW00004236","CORVALLIS 10 SSW, OR US","44.4185","-123.3257","95.1","2019-11-01","0.00",",,R","60",",,R","27",",,R"
"USW00004236","CORVALLIS 10 SSW, OR US","44.4185","-123.3257","95.1","2019-11-02","0.00",",,R","61",",,R","29",",,R"
"USW00004236","CORVALLIS 10 SSW, OR US","44.4185","-123.3257","95.1","2019-11-03","0.00",",,R","60",",,R","31",",,R"
"USW00004236","CORVALLIS 10 SSW, OR US","44.4185","-123.3257","95.1","2019-11-04","0.00",",,R","59",",,R","30",",,R"
"USW00004236","CORVALLIS 10 SSW, OR US","44.4185","-123.3257","95.1","2019-11-05","0.00",",,R","47",",,R","32",",,R"
"USW00004236","CORVALLIS 10 SSW, OR US","44.4185","-123.3257","95.1","2019-11-06","0.00",",,R","46",",,R","39",",,R"
"USW00004236","CORVALLIS 10 SSW, OR US","44.4185","-123.3257","95.1","2019-11-07","0.00",",,R","55",",,R","33",",,R"
"USW00004236","CORVALLIS 10 SSW, OR US","44.4185","-123.3257","95.1","2019-11-08","0.00",",,R","61",",,R","29",",,R"
"USW00004236","CORVALLIS 10 SSW, OR US","44.4185","-123.3257","95.1","2019-11-09","0.00",",,R","54",",,R","36",",,R"
"USW00004236","CORVALLIS 10 SSW, OR US","44.4185","-123.3257","95.1","2019-11-10","0.00",",,R","59",",,R","43",",,R"
"USW00004236","CORVALLIS 10 SSW, OR US","44.4185","-123.3257","95.1","2019-11-11","0.00",",,R","61",",,R","40",",,R"
"USW00004236","CORVALLIS 10 SSW, OR US","44.4185","-123.3257","95.1","2019-11-12","0.00",",,R","58",",,R","38",",,R"
"USW00004236","CORVALLIS 10 SSW, OR US","44.4185","-123.3257","95.1","2019-11-13","0.00",",,R","51",",,R","48",",,R"
"USW00004236","CORVALLIS 10 SSW, OR US","44.4185","-123.3257","95.1","2019-11-14","0.00",",,R","51",",,R","41",",,R"
"USW00004236","CORVALLIS 10 SSW, OR US","44.4185","-123.3257","95.1","2019-11-15","0.10",",,R","59",",,R","41",",,R"
"USW00004236","CORVALLIS 10 SSW, OR US","44.4185","-123.3257","95.1","2019-11-16","0.00",",,R","57",",,R","39",",,R"
"USW00004236","CORVALLIS 10 SSW, OR US","44.4185","-123.3257","95.1","2019-11-17","0.00",",,R","63",",,R","41",",,R"
"USW00004236","CORVALLIS 10 SSW, OR US","44.4185","-123.3257","95.1","2019-11-18","0.12",",,R","58",",,R","47",",,R"
"USW00004236","CORVALLIS 10 SSW, OR US","44.4185","-123.3257","95.1","2019-11-19","0.29",",,R","54",",,R","39",",,R"
"USW00004236","CORVALLIS 10 SSW, OR US","44.4185","-123.3257","95.1","2019-11-20","0.00",",,R","55",",,R","36",",,R"
"USW00004236","CORVALLIS 10 SSW, OR US","44.4185","-123.3257","95.1","2019-11-21","0.00",",,R","55",",,R","27",",,R"
"USW00004236","CORVALLIS 10 SSW, OR US","44.4185","-123.3257","95.1","2019-11-22","0.00",",,R","49",",,R","26",",,R"
"USW00004236","CORVALLIS 10 SSW, OR US","44.4185","-123.3257","95.1","2019-11-23","0.00",",,R","43",",,R","27",",,R"
"USW00004236","CORVALLIS 10 SSW, OR US","44.4185","-123.3257","95.1","2019-11-24","0.10",",,R","54",",,R","31",",,R"
"USW00004236","CORVALLIS 10 SSW, OR US","44.4185","-123.3257","95.1","2019-11-25","0.14",",,R","49",",,R","34",",,R"
"USW00004236","CORVALLIS 10 SSW, OR US","44.4185","-123.3257","95.1","2019-11-26","0.40",",,R","41",",,R","36",",,R"
"USW00004236","CORVALLIS 10 SSW, OR US","44.4185","-123.3257","95.1","2019-11-27","0.03",",,R","44",",,R","35",",,R"
"USW00004236","CORVALLIS 10 SSW, OR US","44.4185","-123.3257","95.1","2019-11-28","0.00",",,R","45",",,R","27",",,R"
"USW00004236","CORVALLIS 10 SSW, OR US","44.4185","-123.3257","95.1","2019-11-29","0.00",",,R","42",",,R","21",",,R"
"USW00004236","CORVALLIS 10 SSW, OR US","44.4185","-123.3257","95.1","2019-11-30","0.15",",,R","36",",,R","19",",,R"
"USW00004236","CORVALLIS 10 SSW, OR US","44.4185","-123.3257","95.1","2019-12-01","0.13",",,R","42",",,R","31",",,R"
"USW00004236","CORVALLIS 10 SSW, OR US","44.4185","-123.3257","95.1","2019-12-02","0.00",",,R","43",",,R","27",",,R"
"USW00004236","CORVALLIS 10 SSW, OR US","44.4185","-123.3257","95.1","2019-12-03","0.00",",,R","39",",,R","28",",,R"
"USW00004236","CORVALLIS 10 SSW, OR US","44.4185","-123.3257","95.1","2019-12-04","0.00",",,R","39",",,R","30",",,R"
"USW00004236","CORVALLIS 10 SSW, OR US","44.4185","-123.3257","95.1","2019-12-05","0.00",",,R","49",",,R","32",",,R"
"USW00004236","CORVALLIS 10 SSW, OR US","44.4185","-123.3257","95.1","2019-12-06","0.33",",,R","44",",,R","33",",,R"
"USW00004236","CORVALLIS 10 SSW, OR US","44.4185","-123.3257","95.1","2019-12-07","0.27",",,R","47",",,R","41",",,R"
"USW00004236","CORVALLIS 10 SSW, OR US","44.4185","-123.3257","95.1","2019-12-08","0.03",",,R","51",",,R","41",",,R"
"USW00004236","CORVALLIS 10 SSW, OR US","44.4185","-123.3257","95.1","2019-12-09","0.00",",,R","47",",,R","43",",,R"
"USW00004236","CORVALLIS 10 SSW, OR US","44.4185","-123.3257","95.1","2019-12-10","0.51",",,R","44",",,R","39",",,R"
"USW00004236","CORVALLIS 10 SSW, OR US","44.4185","-123.3257","95.1","2019-12-11","0.38",",,R","49",",,R","42",",,R"
"USW00004236","CORVALLIS 10 SSW, OR US","44.4185","-123.3257","95.1","2019-12-12","0.42",",,R","54",",,R","41",",,R"
"USW00004236","CORVALLIS 10 SSW, OR US","44.4185","-123.3257","95.1","2019-12-13","0.06",",,R","51",",,R","33",",,R"
"USW00004236","CORVALLIS 10 SSW, OR US","44.4185","-123.3257","95.1","2019-12-14","0.02",",,R","45",",,R","31",",,R"
"USW00004236","CORVALLIS 10 SSW, OR US","44.4185","-123.3257","95.1","2019-12-15","0.00",",,R","45",",,R","30",",,R"
"USW00004236","CORVALLIS 10 SSW, OR US","44.4185","-123.3257","95.1","2019-12-16","0.00",",,R","50",",,R","30",",,R"
"USW00004236","CORVALLIS 10 SSW, OR US","44.4185","-123.3257","95.1","2019-12-17","0.00",",,R","38",",,R","29",",,R"
"USW00004236","CORVALLIS 10 SSW, OR US","44.4185","-123.3257","95.1","2019-12-18","0.06",",,R","46",",,R","27",",,R"
"USW00004236","CORVALLIS 10 SSW, OR US","44.4185","-123.3257","95.1","2019-12-19","0.63",",,R","55",",,R","44",",,R"
"USW00004236","CORVALLIS 10 SSW, OR US","44.4185","-123.3257","95.1","2019-12-20","0.09",",,R","58",",,R","49",",,R"
"USW00004236","CORVALLIS 10 SSW, OR US","44.4185","-123.3257","95.1","2019-12-21","0.96",",,R","53",",,R","42",",,R"
"USW00004236","CORVALLIS 10 SSW, OR US","44.4185","-123.3257","95.1","2019-12-22","0.30",",,R","45",",,R","40",",,R"
"USW00004236","CORVALLIS 10 SSW, OR US","44.4185","-123.3257","95.1","2019-12-23","0.13",",,R","47",",,R","32",",,R"
"USW00004236","CORVALLIS 10 SSW, OR US","44.4185","-123.3257","95.1","2019-12-24","0.06",",,R","42",",,R","36",",,R"
"USW00004236","CORVALLIS 10 SSW, OR US","44.4185","-123.3257","95.1","2019-12-25","0.00",",,R","48",",,R","32",",,R"
"USW00004236","CORVALLIS 10 SSW, OR US","44.4185","-123.3257","95.1","2019-12-26","0.00",",,R","41",",,R","26",",,R"
"USW00004236","CORVALLIS 10 SSW, OR US","44.4185","-123.3257","95.1","2019-12-27","0.01",",,R","44",",,R","35",",,R"
"USW00004236","CORVALLIS 10 SSW, OR US","44.4185","-123.3257","95.1","2019-12-28","0.00",",,R","45",",,R","35",",,R"
"USW00004236","CORVALLIS 10 SSW, OR US","44.4185","-123.3257","95.1","2019-12-29","0.24",",,R","45",",,R","37",",,R"
"USW00004236","CORVALLIS 10 SSW, OR US","44.4185","-123.3257","95.1","2019-12-30","0.00",",,R","48",",,R","37",",,R"
"USW00004236","CORVALLIS 10 SSW, OR US","44.4185","-123.3257","95.1","2019-12-31","0.58",",,R","52",",,R","37",",,R"
"USW00004236","CORVALLIS 10 SSW, OR US","44.4185","-123.3257","95.1","2020-01-01","0.07",",,R","55",",,R","43",",,R"
"USW00004236","CORVALLIS 10 SSW, OR US","44.4185","-123.3257","95.1","2020-01-02","0.00",",,R","50",",,R","41",",,R"
"USW00004236","CORVALLIS 10 SSW, OR US","44.4185","-123.3257","95.1","2020-01-03","0.29",",,R","60",",,R","38",",,R"
"USW00004236","CORVALLIS 10 SSW, OR US","44.4185","-123.3257","95.1","2020-01-04","0.12",",,R","50",",,R","35",",,R"
"USW00004236","CORVALLIS 10 SSW, OR US","44.4185","-123.3257","95.1","2020-01-05","0.57",",,R","48",",,R","41",",,R"
"USW00004236","CORVALLIS 10 SSW, OR US","44.4185","-123.3257","95.1","2020-01-06","0.58",",,R","48",",,R","43",",,R"
"USW00004236","CORVALLIS 10 SSW, OR US","44.4185","-123.3257","95.1","2020-01-07","0.35",",,R","51",",,R","45",",,R"
"USW00004236","CORVALLIS 10 SSW, OR US","44.4185","-123.3257","95.1","2020-01-08","0.17",",,R","46",",,R","36",",,R"
"USW00004236","CORVALLIS 10 SSW, OR US","44.4185","-123.3257","95.1","2020-01-09","0.00",",,R","43",",,R","33",",,R"
"USW00004236","CORVALLIS 10 SSW, OR US","44.4185","-123.3257","95.1","2020-01-10","0.72",",,R","48",",,R","36",",,R"
"USW00004236","CORVALLIS 10 SSW, OR US","44.4185","-123.3257","95.1","2020-01-11","0.62",",,R","47",",,R","40",",,R"
"USW00004236","CORVALLIS 10 SSW, OR US","44.4185","-123.3257","95.1","2020-01-12","0.80",",,R","47",",,R","33",",,R"
"USW00004236","CORVALLIS 10 SSW, OR US","44.4185","-123.3257","95.1","2020-01-13","0.43",",,R","40",",,R","34",",,R"
"USW00004236","CORVALLIS 10 SSW, OR US","44.4185","-123.3257","95.1","2020-01-14","0.11",",,R","41",",,R","30",",,R"
"USW00004236","CORVALLIS 10 SSW, OR US","44.4185","-123.3257","95.1","2020-01-15","0.56",",,R","48",",,R","28",",,R"
"USW00004236","CORVALLIS 10 SSW, OR US","44.4185","-123.3257","95.1","2020-01-16","0.05",",,R","44",",,R","29",",,R"
"USW00004236","CORVALLIS 10 SSW, OR US","44.4185","-123.3257","95.1","2020-01-17","0.18",",,R","42",",,R","31",",,R"
"USW00004236","CORVALLIS 10 SSW, OR US","44.4185","-123.3257","95.1","2020-01-18","0.11",",,R","50",",,R","40",",,R"
"USW00004236","CORVALLIS 10 SSW, OR US","44.4185","-123.3257","95.1","2020-01-19","0.03",",,R","53",",,R","45",",,R"
"USW00004236","CORVALLIS 10 SSW, OR US","44.4185","-123.3257","95.1","2020-01-20","0.00",",,R","48",",,R","41",",,R"
"USW00004236","CORVALLIS 10 SSW, OR US","44.4185","-123.3257","95.1","2020-01-21","0.42",",,R","50",",,R","42",",,R"
"USW00004236","CORVALLIS 10 SSW, OR US","44.4185","-123.3257","95.1","2020-01-22","0.14",",,R","51",",,R","44",",,R"
"USW00004236","CORVALLIS 10 SSW, OR US","44.4185","-123.3257","95.1","2020-01-23","0.58",",,R","57",",,R","50",",,R"
"USW00004236","CORVALLIS 10 SSW, OR US","44.4185","-123.3257","95.1","2020-01-24","0.06",",,R","54",",,R","45",",,R"
"USW00004236","CORVALLIS 10 SSW, OR US","44.4185","-123.3257","95.1","2020-01-25","0.35",",,R","57",",,R","46",",,R"
"USW00004236","CORVALLIS 10 SSW, OR US","44.4185","-123.3257","95.1","2020-01-26","0.13",",,R","54",",,R","44",",,R"
"USW00004236","CORVALLIS 10 SSW, OR US","44.4185","-123.3257","95.1","2020-01-27","0.46",",,R","52",",,R","41",",,R"
"USW00004236","CORVALLIS 10 SSW, OR US","44.4185","-123.3257","95.1","2020-01-28","0.81",",,R","51",",,R","42",",,R"
"USW00004236","CORVALLIS 10 SSW, OR US","44.4185","-123.3257","95.1","2020-01-29","0.25",",,R","49",",,R","42",",,R"
"USW00004236","CORVALLIS 10 SSW, OR US","44.4185","-123.3257","95.1","2020-01-30","0.02",",,R","54",",,R","45",",,R"
"USW00004236","CORVALLIS 10 SSW, OR US","44.4185","-123.3257","95.1","2020-01-31","0.00",",,R","63",",,R","52",",,R"
"USW00004236","CORVALLIS 10 SSW, OR US","44.4185","-123.3257","95.1","2020-02-01","0.15",",,R","56",",,R","37",",,R"
"USW00004236","CORVALLIS 10 SSW, OR US","44.4185","-123.3257","95.1","2020-02-02","0.02",",,R","45",",,R","29",",,R"
"USW00004236","CORVALLIS 10 SSW, OR US","44.4185","-123.3257","95.1","2020-02-03","0.02",",,R","45",",,R","28",",,R"
"USW00004236","CORVALLIS 10 SSW, OR US","44.4185","-123.3257","95.1","2020-02-04","0.00",",,R","43",",,R","26",",,R"
"USW00004236","CORVALLIS 10 SSW, OR US","44.4185","-123.3257","95.1","2020-02-05","0.05",",,R","55",",,R","39",",,R"
"USW00004236","CORVALLIS 10 SSW, OR US","44.4185","-123.3257","95.1","2020-02-06","0.00",",,R","57",",,R","44",",,R"
"USW00004236","CORVALLIS 10 SSW, OR US","44.4185","-123.3257","95.1","2020-02-07","0.09",",,R","55",",,R","44",",,R"
"USW00004236","CORVALLIS 10 SSW, OR US","44.4185","-123.3257","95.1","2020-02-08","0.16",",,R","49",",,R","32",",,R"
"USW00004236","CORVALLIS 10 SSW, OR US","44.4185","-123.3257","95.1","2020-02-09","0.00",",,R","46",",,R","28",",,R"
"USW00004236","CORVALLIS 10 SSW, OR US","44.4185","-123.3257","95.1","2020-02-10","0.00",",,R","46",",,R","31",",,R"
"USW00004236","CORVALLIS 10 SSW, OR US","44.4185","-123.3257","95.1","2020-02-11","0.00",",,R","49",",,R","29",",,R"
"USW00004236","CORVALLIS 10 SSW, OR US","44.4185","-123.3257","95.1","2020-02-12","0.00",",,R","47",",,R","31",",,R"
"USW00004236","CORVALLIS 10 SSW, OR US","44.4185","-123.3257","95.1","2020-02-13","0.05",",,R","45",",,R","34",",,R"
"USW00004236","CORVALLIS 10 SSW, OR US","44.4185","-123.3257","95.1","2020-02-14","0.00",",,R","50",",,R","32",",,R"
"USW00004236","CORVALLIS 10 SSW, OR US","44.4185","-123.3257","95.1","2020-02-15","0.53",",,R","46",",,R","40",",,R"
"USW00004236","CORVALLIS 10 SSW, OR US","44.4185","-123.3257","95.1","2020-02-16","0.18",",,R","51",",,R","33",",,R"
"USW00004236","CORVALLIS 10 SSW, OR US","44.4185","-123.3257","95.1","2020-02-17","0.00",",,R","50",",,R","31",",,R"
"USW00004236","CORVALLIS 10 SSW, OR US","44.4185","-123.3257","95.1","2020-02-18","0.00",",,R","49",",,R","34",",,R"
"USW00004236","CORVALLIS 10 SSW, OR US","44.4185","-123.3257","95.1","2020-02-19","0.00",",,R","56",",,R","25",",,R"
"USW00004236","CORVALLIS 10 SSW, OR US","44.4185","-123.3257","95.1","2020-02-20","0.00",",,R","54",",,R","27",",,R"
"USW00004236","CORVALLIS 10 SSW, OR US","44.4185","-123.3257","95.1","2020-02-21","0.00",",,R","57",",,R","27",",,R"
"USW00004236","CORVALLIS 10 SSW, OR US","44.4185","-123.3257","95.1","2020-02-22","0.00",",,R","56",",,R","29",",,R"
"USW00004236","CORVALLIS 10 SSW, OR US","44.4185","-123.3257","95.1","2020-02-23","0.11",",,R","52",",,R","38",",,R"
"USW00004236","CORVALLIS 10 SSW, OR US","44.4185","-123.3257","95.1","2020-02-24","0.00",",,R","52",",,R","31",",,R"
"USW00004236","CORVALLIS 10 SSW, OR US","44.4185","-123.3257","95.1","2020-02-25","0.00",",,R","54",",,R","27",",,R"
"USW00004236","CORVALLIS 10 SSW, OR US","44.4185","-123.3257","95.1","2020-02-26","0.01",",,R","58",",,R","36",",,R"
"USW00004236","CORVALLIS 10 SSW, OR US","44.4185","-123.3257","95.1","2020-02-27","0.00",",,R","60",",,R","31",",,R"
"USW00004236","CORVALLIS 10 SSW, OR US","44.4185","-123.3257","95.1","2020-02-28","0.08",",,R","54",",,R","31",",,R"
"USW00004236","CORVALLIS 10 SSW, OR US","44.4185","-123.3257","95.1","2020-02-29","0.30",",,R","47",",,R","29",",,R"
"USW00004236","CORVALLIS 10 SSW, OR US","44.4185","-123.3257","95.1","2020-03-01","0.00",",,R","49",",,R","28",",,R"
"USW00004236","CORVALLIS 10 SSW, OR US","44.4185","-123.3257","95.1","2020-03-02","0.00",",,R","53",",,R","34",",,R"
"USW00004236","CORVALLIS 10 SSW, OR US","44.4185","-123.3257","95.1","2020-03-03","0.00",",,R","60",",,R","44",",,R"
"USW00004236","CORVALLIS 10 SSW, OR US","44.4185","-123.3257","95.1","2020-03-04","0.00",",,R","56",",,R","37",",,R"
"USW00004236","CORVALLIS 10 SSW, OR US","44.4185","-123.3257","95.1","2020-03-05","0.00",",,R","62",",,R","32",",,R"
"USW00004236","CORVALLIS 10 SSW, OR US","44.4185","-123.3257","95.1","2020-03-06","0.42",",,R","49",",,R","40",",,R"
"USW00004236","CORVALLIS 10 SSW, OR US","44.4185","-123.3257","95.1","2020-03-07","0.13",",,R","47",",,R","31",",,R"
